0,1,2,3,4,5,6,7,8,9,10,11,12,13,14,15,16,17,18,19,20,21,22,23,24,25,26,27,28,29,30,31,32,33,34,35,36,37,38,39,40,41,42,43,44,45,46,47,48,49
13.46,71.65,48.46,50.52,52.1,13.0,18.98,47.71,69.49,49.96,34.58,32.1,27.17,49.15,16.47,24.6,36.0,45.98,14.35,34.18,55.41,22.94,64.79,30.21,63.21,39.33,52.29,29.86,50.67,32.06,15.35,62.29,57.81,46.13,27.25,55.43,35.23,35.54,21.91,49.44,32.64,55.76,14.46,58.94,36.71,52.62,49.33,36.22,49.0,56.09
13.48,72.1,48.52,50.5,52.06,12.95,18.95,47.84,69.73,49.93,34.09,32.51,27.25,49.14,16.54,24.43,36.05,45.95,14.4,34.38,56.02,23.04,64.9,30.62,63.46,39.12,52.5,29.9,50.79,32.09,15.14,62.11,57.85,46.23,27.25,55.0,35.37,35.62,21.95,49.51,32.52,55.97,14.44,59.81,36.64,52.58,49.2,36.27,48.84,56.08
13.47,72.35,48.48,50.62,51.8,12.79,18.98,47.98,69.6,49.33,34.45,32.74,27.27,49.2,16.65,24.34,36.06,45.95,14.4,34.45,55.15,23.04,65.55,30.69,63.39,38.77,52.55,29.9,50.81,32.18,15.07,62.37,57.89,46.28,27.28,54.99,35.5,35.98,21.95,49.49,32.48,56.34,14.5,59.04,36.89,52.49,49.48,36.39,48.56,55.9
13.53,72.51,48.42,50.75,51.66,12.66,18.96,48.74,69.54,49.67,34.44,32.77,27.39,49.44,16.61,24.23,36.09,46.07,14.41,34.66,55.1,23.14,65.23,30.56,63.47,38.74,52.78,29.91,50.98,32.21,15.01,62.39,58.38,46.8,27.35,56.17,35.01,35.91,21.96,49.51,32.59,56.32,14.4,58.73,36.94,52.4,49.42,36.41,49.0,56.14
13.64,71.99,48.4,50.65,51.97,12.62,18.89,48.88,69.68,49.46,34.24,32.37,27.42,49.25,16.51,24.42,36.14,46.04,14.39,34.6,55.24,23.05,65.76,30.58,63.64,38.99,52.49,29.92,51.02,32.2,14.9,62.27,58.68,46.98,27.37,56.13,34.65,36.24,21.97,49.55,32.64,56.32,14.36,59.01,37.03,52.44,49.79,36.42,48.14,55.9
13.62,72.35,48.41,50.52,51.93,12.52,18.93,48.5,69.81,49.53,34.3,32.8,27.4,49.35,16.7,24.16,36.13,46.04,14.42,34.75,54.4,23.03,66.9,30.72,63.59,39.41,52.84,29.92,51.17,32.09,14.96,62.15,58.29,46.88,27.59,56.19,34.51,36.04,21.97,49.57,32.53,55.88,14.25,58.66,37.21,52.4,50.26,36.37,48.23,55.26
13.67,72.22,48.39,50.55,51.84,12.56,18.87,47.99,69.76,49.99,33.82,32.97,27.49,49.69,16.54,23.91,36.16,46.09,14.48,34.83,55.11,22.98,66.56,31.1,63.4,39.45,52.62,29.94,51.21,32.2,14.79,61.86,58.25,46.71,27.61,56.46,34.36,35.95,22.01,49.59,32.65,55.87,14.23,58.46,37.54,52.32,50.48,36.48,48.53,55.76
13.79,71.37,48.41,50.57,52.19,12.47,18.92,48.03,69.76,49.83,34.24,33.53,27.35,49.64,16.44,23.92,36.18,46.07,14.5,34.71,54.23,23.0,65.72,31.17,63.43,39.63,53.09,29.94,51.21,32.19,14.83,62.22,57.88,47.19,27.78,56.94,33.74,36.01,22.0,49.55,32.85,56.85,14.15,59.25,37.58,52.13,50.16,36.47,48.12,55.88
13.76,71.02,48.4,50.57,52.13,12.45,18.94,47.53,69.64,50.02,34.92,33.24,27.35,49.35,16.56,24.16,36.24,46.07,14.47,34.65,54.75,22.98,66.03,31.59,63.53,38.55,52.13,29.96,51.21,32.21,14.81,62.48,58.55,47.56,27.91,57.61,33.63,36.37,22.05,49.58,32.86,56.64,14.19,59.78,37.7,52.11,50.38,36.43,48.64,55.91
13.67,71.17,48.41,50.52,52.34,12.48,18.88,47.51,69.53,50.44,34.53,33.14,27.33,49.57,16.4,24.17,36.24,45.94,14.54,34.31,55.31,22.94,65.78,31.33,63.6,38.58,52.23,29.96,51.23,32.22,14.85,62.34,58.87,47.07,27.88,56.67,33.57,36.43,22.05,49.57,32.86,56.01,14.1,59.8,37.99,52.05,50.52,36.44,48.71,55.87
13.6,71.25,48.42,50.42,52.33,12.32,18.9,47.36,69.41,50.15,34.38,32.95,27.3,49.26,16.41,24.16,36.2,46.1,14.54,34.7,55.28,22.97,66.13,31.32,63.55,38.67,52.6,29.95,51.37,32.36,14.9,62.48,59.0,47.19,27.84,56.27,33.4,36.56,22.01,49.57,32.9,56.48,14.07,59.7,37.92,51.93,51.02,36.37,48.7,56.16
13.76,70.91,48.4,50.4,52.72,12.4,18.89,47.34,69.37,49.93,33.83,32.72,27.31,49.08,16.52,23.98,36.12,46.13,14.46,34.71,55.23,23.09,65.89,31.24,63.56,38.37,52.25,29.95,51.35,32.45,14.76,62.3,59.12,47.19,27.94,56.36,33.79,36.87,22.0,49.59,33.0,56.01,14.11,60.01,37.99,52.12,51.05,36.43,48.37,55.91
13.79,70.69,48.43,50.51,52.64,12.31,18.89,46.89,69.38,49.64,34.18,32.77,27.31,48.8,16.5,23.8,36.1,46.01,14.37,34.96,54.13,23.19,65.52,31.35,63.37,38.46,51.94,29.94,51.46,32.46,14.83,62.08,58.98,47.14,27.94,55.9,33.9,36.55,21.99,49.61,33.17,55.7,14.06,60.28,38.2,52.23,51.44,36.4,48.61,55.66
13.68,71.18,48.43,50.42,52.71,12.28,18.89,47.36,69.19,49.2,33.98,32.34,27.34,48.55,16.43,23.5,36.04,45.94,14.37,34.45,53.64,23.15,64.96,31.36,63.16,39.11,50.81,29.92,51.52,32.38,14.7,62.16,59.08,47.14,27.86,55.02,33.59,37.06,22.0,49.63,33.26,55.65,14.12,60.06,38.32,52.22,51.01,36.35,48.58,55.52
13.7,71.21,48.41,50.47,52.45,12.24,18.87,47.4,69.09,49.27,33.74,31.93,27.27,49.05,16.52,23.33,35.95,45.78,14.35,34.45,54.02,23.24,65.1,31.39,63.02,39.44,50.9,29.91,51.43,32.39,14.49,62.36,58.65,47.0,27.81,54.65,33.49,36.96,21.98,49.63,33.2,56.18,14.1,60.46,38.05,52.11,50.72,36.41,49.02,55.59
13.6,71.26,48.42,50.49,52.59,12.2,18.81,47.03,69.06,49.21,34.1,31.99,27.2,48.81,16.31,23.3,35.9,45.68,14.39,34.64,54.16,23.16,64.57,31.38,62.93,39.13,51.22,29.88,51.5,32.29,14.59,62.62,58.32,46.92,27.88,54.46,33.53,37.4,21.96,49.63,33.11,55.6,14.09,60.16,37.94,52.08,50.96,36.36,49.3,55.71
13.63,71.05,48.43,50.48,52.27,12.13,18.77,47.82,68.94,49.4,34.75,32.71,27.18,48.52,16.4,23.33,35.88,45.6,14.36,35.26,53.75,22.98,64.6,31.31,63.0,39.07,50.82,29.88,51.47,32.17,14.49,62.6,58.58,47.24,27.75,54.18,33.61,37.49,21.94,49.61,33.08,55.61,14.0,60.67,38.05,52.2,50.91,36.17,49.65,55.42
13.69,70.46,48.49,50.59,52.26,12.01,18.79,47.55,68.88,49.19,34.51,31.4,27.19,48.23,16.42,23.39,35.89,45.65,14.31,35.13,54.51,23.05,64.73,31.2,63.06,38.91,51.37,29.86,51.51,32.2,14.29,62.47,58.5,47.71,27.95,54.59,33.62,37.31,21.93,49.64,33.02,55.91,14.04,60.52,37.74,52.26,51.64,36.17,50.02,55.66
13.59,69.68,48.53,50.61,52.3,11.99,18.84,47.88,68.73,49.53,34.64,30.79,27.19,48.19,16.51,23.14,35.91,45.55,14.28,35.47,55.63,23.05,64.91,31.09,63.06,39.48,52.15,29.84,51.42,32.24,14.22,62.88,58.29,47.81,27.83,54.45,33.08,37.59,21.89,49.58,33.0,55.88,14.1,60.81,37.7,52.33,51.59,36.15,49.64,55.51
13.58,69.93,48.53,50.57,52.23,12.08,18.83,48.22,68.55,49.9,34.16,31.1,27.17,48.32,16.62,23.04,35.87,45.67,14.26,35.04,54.45,23.02,66.4,31.07,62.98,39.7,52.38,29.83,51.3,32.07,14.35,62.85,58.07,48.02,27.83,54.11,33.23,38.02,21.86,49.54,32.9,56.13,14.09,60.11,37.81,52.21,52.03,36.15,49.51,55.09
13.59,70.27,48.56,50.52,52.62,12.14,18.8,47.8,68.54,50.0,34.39,30.7,27.3,48.05,16.67,23.0,35.93,45.61,14.27,35.09,54.34,23.06,66.74,30.83,63.05,40.58,52.29,29.83,51.36,32.12,14.5,63.15,57.87,47.88,27.9,54.36,32.97,37.99,21.89,49.61,32.96,56.2,14.09,60.21,37.57,52.16,51.86,36.06,49.19,55.52
13.45,70.77,48.61,50.55,52.61,12.17,18.75,47.56,68.69,50.15,34.12,30.89,27.3,48.27,16.58,23.02,35.92,45.56,14.23,35.01,53.76,23.15,67.29,31.19,62.93,40.04,51.67,29.84,51.41,32.0,14.5,63.29,58.01,47.59,27.91,53.94,33.05,38.28,21.91,49.6,32.96,56.15,14.18,60.31,37.49,52.31,52.67,36.2,48.46,55.84
13.58,71.49,48.57,50.65,52.65,12.22,18.65,47.48,68.78,50.3,34.13,31.07,27.31,48.15,16.79,23.03,35.96,45.6,14.24,35.13,53.83,23.07,67.58,31.16,62.91,40.02,51.36,29.84,51.43,31.95,14.47,63.19,57.87,48.03,28.06,53.54,32.54,38.71,21.92,49.62,32.99,55.61,14.14,60.75,37.81,52.22,53.05,36.19,48.4,55.57
13.58,71.3,48.58,50.66,52.89,12.17,18.71,47.2,68.75,50.22,34.11,31.26,27.29,48.31,16.73,23.04,35.92,45.37,14.18,35.28,54.69,23.13,66.29,31.24,62.95,40.23,51.59,29.83,51.58,31.95,14.4,63.55,57.69,47.89,28.02,52.74,32.82,38.93,21.92,49.62,32.98,55.33,14.12,60.47,37.99,52.12,53.02,35.87,47.72,55.4
13.57,71.36,48.56,50.69,53.09,12.23,18.66,47.43,68.77,50.08,34.42,31.18,27.35,47.88,16.67,22.95,35.92,45.35,14.21,34.67,54.87,22.98,66.22,31.22,62.94,40.96,52.64,29.82,51.64,31.95,14.63,63.03,57.63,48.82,27.9,52.98,33.09,39.07,21.89,49.63,33.05,54.75,14.26,60.93,37.78,52.14,52.56,35.75,47.1,55.34
13.57,71.58,48.45,50.8,52.88,12.24,18.62,47.0,68.78,49.98,34.78,31.28,27.42,48.01,16.7,23.0,35.92,45.38,14.25,33.95,54.6,23.09,66.53,31.25,62.77,41.19,52.96,29.82,51.67,31.97,14.58,63.32,57.29,48.79,27.88,52.78,32.29,39.21,21.89,49.64,33.09,54.12,14.32,60.41,37.79,52.11,53.17,35.85,47.54,55.75
13.57,71.37,48.45,50.74,53.16,12.36,18.6,47.04,68.88,49.65,34.75,31.15,27.38,48.71,16.77,23.0,35.91,45.4,14.31,33.52,54.59,23.14,66.16,31.41,62.64,42.14,53.21,29.82,51.59,31.95,14.38,62.89,57.38,48.98,28.04,52.54,32.15,39.15,21.89,49.58,33.09,54.08,14.32,60.66,37.52,52.06,53.13,35.93,47.63,55.82
13.48,71.43,48.44,50.81,53.24,12.41,18.64,47.56,68.93,50.03,34.66,30.81,27.39,48.9,16.98,22.66,35.92,45.4,14.29,33.56,55.06,23.18,66.26,31.73,62.57,42.15,52.8,29.81,51.6,31.91,14.36,62.83,57.64,48.64,27.83,51.39,31.58,38.82,21.91,49.59,33.07,54.22,14.32,61.44,37.39,51.99,52.5,35.75,47.17,55.81
13.46,71.12,48.43,50.86,53.21,12.38,18.63,47.72,68.73,50.31,34.99,31.12,27.35,49.01,16.94,22.69,35.85,45.34,14.26,33.69,54.87,23.08,66.75,31.73,62.66,41.82,53.29,29.77,51.74,31.88,14.7,62.44,57.38,48.66,27.76,50.97,31.66,38.23,21.86,49.52,33.01,54.25,14.25,61.12,37.13,51.88,52.29,35.78,46.16,55.82
13.44,71.04,48.39,50.9,53.43,12.28,18.61,47.84,68.64,50.72,35.14,30.63,27.27,48.4,16.82,22.72,35.82,45.46,14.28,34.11,55.55,23.19,67.61,31.99,62.76,42.91,53.51,29.77,51.79,31.87,14.68,62.53,57.46,48.77,27.71,51.02,31.99,38.49,21.86,49.47,32.96,54.96,14.08,61.3,37.36,51.85,52.11,35.9,45.9,56.09
13.56,71.49,48.37,50.81,53.77,12.33,18.6,47.81,68.72,50.44,35.3,30.79,27.37,48.21,16.73,22.82,35.88,45.31,14.39,33.87,55.62,23.18,67.67,31.89,62.78,44.01,53.64,29.79,51.76,31.82,14.5,62.63,57.09,48.86,27.72,51.38,31.88,38.81,21.9,49.48,33.12,55.68,14.05,61.69,37.27,51.94,52.33,35.84,46.09,56.46
13.51,71.86,48.36,50.7,54.0,12.49,18.53,47.45,68.85,50.74,35.37,30.88,27.33,48.6,16.78,23.04,35.92,45.42,14.39,33.66,55.47,23.18,67.58,31.87,62.99,44.7,54.02,29.8,51.77,31.91,14.49,62.6,57.19,48.83,27.64,52.18,32.24,38.78,21.92,49.5,33.18,55.85,14.11,62.23,37.55,52.08,52.47,35.96,45.77,56.19
13.57,72.11,48.4,50.7,54.22,12.39,18.51,47.02,68.97,51.09,35.4,30.6,27.43,48.74,16.8,22.79,35.97,45.4,14.46,32.99,56.04,23.14,67.14,31.9,63.29,44.0,53.61,29.8,51.8,32.0,14.72,63.22,57.6,48.51,27.75,51.98,32.56,39.02,21.96,49.5,33.15,56.1,14.12,63.0,37.64,52.03,52.28,35.97,45.26,56.04
13.47,71.71,48.41,50.53,54.01,12.43,18.47,47.35,68.9,50.69,36.06,30.4,27.43,48.85,16.72,22.77,35.98,45.24,14.46,32.89,55.46,23.34,67.42,31.77,63.26,43.59,53.7,29.8,51.85,31.9,14.76,63.44,57.21,48.77,27.94,52.09,33.0,39.25,21.98,49.5,33.08,55.92,14.15,63.06,37.68,52.08,52.8,36.02,45.35,56.11
13.44,71.92,48.37,50.53,54.19,12.37,18.46,47.15,68.9,50.85,35.96,30.68,27.39,49.2,16.7,22.87,36.05,45.28,14.42,32.45,56.36,23.23,67.14,31.63,63.31,43.04,53.96,29.8,51.71,31.94,14.8,63.32,57.19,48.49,28.08,52.34,33.19,38.93,21.98,49.5,33.11,55.51,14.18,62.85,37.99,51.88,53.1,35.93,45.1,56.16
13.42,71.16,48.35,50.42,53.77,12.57,18.39,46.73,68.9,50.91,36.56,30.09,27.36,49.34,16.62,23.01,36.03,45.07,14.45,32.06,56.21,23.25,68.55,31.62,63.2,42.73,53.99,29.79,51.6,31.94,14.74,63.25,57.19,48.57,28.1,52.36,33.63,39.13,21.96,49.52,32.99,55.95,14.22,62.2,37.91,51.9,53.22,36.15,45.45,56.26
13.28,71.87,48.3,50.28,53.93,12.49,18.38,47.05,68.92,51.71,36.23,29.68,27.41,49.01,16.74,23.0,36.0,45.06,14.42,32.12,57.07,23.2,67.12,31.4,63.39,42.36,54.44,29.79,51.7,32.02,14.89,63.36,57.27,48.35,28.37,52.06,33.61,39.75,21.95,49.51,32.82,56.84,14.3,62.26,37.98,52.06,53.33,36.28,45.27,56.65
13.35,72.18,48.32,50.33,53.87,12.54,18.39,47.41,68.88,50.99,36.77,29.96,27.41,48.94,16.59,22.99,35.99,45.13,14.44,32.03,57.1,23.2,66.9,31.35,63.24,41.85,54.43,29.8,51.63,31.94,14.71,63.44,56.93,47.97,28.52,51.51,33.67,39.58,21.95,49.5,32.76,56.67,14.25,62.68,37.59,52.14,53.53,36.19,45.32,56.81
13.35,72.17,48.29,50.26,53.73,12.42,18.38,47.11,68.73,50.66,37.01,29.64,27.43,49.38,16.5,22.86,36.0,45.17,14.39,31.91,56.29,23.09,66.68,31.26,63.13,42.28,54.32,29.78,51.41,31.8,14.82,63.33,57.14,47.61,28.55,52.18,33.19,39.68,21.92,49.49,32.76,56.8,14.29,63.35,37.64,52.14,52.95,35.98,44.01,56.56
13.26,71.94,48.27,50.16,53.84,12.36,18.33,47.07,68.69,51.56,36.93,29.41,27.35,48.77,16.45,22.87,36.01,45.26,14.33,31.5,55.89,23.02,65.83,31.41,63.2,42.34,54.59,29.77,51.42,31.88,14.78,63.49,56.93,47.88,28.45,52.71,32.87,39.62,21.91,49.47,32.72,56.37,14.28,63.29,37.82,52.01,52.8,35.9,44.12,56.54
13.2,71.58,48.22,50.11,53.71,12.31,18.33,47.31,68.77,51.53,36.62,29.37,27.38,48.81,16.17,22.61,35.99,45.22,14.29,31.39,55.49,23.09,65.26,31.35,63.35,42.01,55.21,29.74,51.24,31.81,14.99,63.54,56.87,47.83,28.3,52.46,32.72,39.68,21.88,49.47,32.72,56.5,14.12,63.17,37.96,52.01,53.22,35.9,44.17,56.38
13.12,71.68,48.18,50.18,54.04,12.26,18.34,46.47,68.82,51.9,36.58,29.61,27.51,49.3,16.08,22.6,35.96,45.21,14.19,31.23,55.59,23.03,66.16,31.39,63.2,41.91,55.34,29.73,51.21,31.72,14.93,63.78,56.69,47.41,28.25,52.08,32.54,39.38,21.85,49.45,32.71,56.4,14.06,62.21,38.18,52.11,53.65,35.81,44.04,56.7
13.08,71.63,48.18,50.23,54.33,12.29,18.32,46.75,68.75,51.29,37.28,29.62,27.61,48.7,15.91,22.61,35.93,45.33,14.25,30.86,56.15,23.08,65.38,31.23,63.08,41.92,55.52,29.73,50.96,31.63,14.68,63.47,56.38,47.17,28.14,52.47,32.42,39.52,21.83,49.41,32.7,56.64,14.17,61.73,38.1,52.1,53.7,35.88,43.76,56.62
13.17,71.17,48.16,50.4,54.12,12.3,18.33,46.69,68.64,51.85,36.98,29.75,27.52,48.2,16.25,22.57,35.91,45.23,14.28,30.93,55.65,22.98,66.16,31.19,62.9,41.95,54.85,29.7,50.81,31.53,14.44,63.74,55.56,46.74,28.14,51.85,32.29,38.99,21.78,49.36,32.7,56.09,14.07,61.46,38.21,52.08,53.5,35.95,43.93,56.65
13.17,71.35,48.14,50.32,54.59,12.31,18.3,47.62,68.56,51.44,37.08,30.04,27.54,48.21,16.03,22.58,35.88,45.24,14.3,30.65,56.16,22.85,66.71,30.88,62.98,41.72,54.86,29.67,50.77,31.53,14.33,63.94,55.27,47.4,28.17,52.18,31.88,39.08,21.74,49.3,32.67,56.66,13.93,61.49,38.22,52.21,53.39,35.9,43.54,56.76
13.2,71.58,48.15,50.4,54.79,12.39,18.34,46.76,68.6,50.86,37.07,30.13,27.61,48.02,15.99,22.57,35.92,45.12,14.32,30.36,56.07,22.84,67.1,31.06,63.24,41.08,54.99,29.68,50.78,31.63,14.23,63.88,55.34,47.51,28.19,52.83,32.2,38.41,21.72,49.31,32.8,56.18,14.04,61.43,38.53,52.21,53.94,35.74,43.33,56.72
13.21,72.3,48.12,50.43,54.59,12.35,18.35,46.69,68.62,50.36,37.46,29.53,27.6,47.81,15.96,22.62,35.9,45.2,14.36,30.71,55.81,22.88,66.78,31.24,63.22,41.46,55.0,29.68,50.85,31.47,14.22,64.46,54.91,47.33,28.11,53.1,32.45,38.3,21.72,49.31,32.81,56.02,14.03,62.13,38.43,52.31,53.65,35.7,43.36,56.81
13.08,72.52,48.13,50.52,54.61,12.4,18.3,47.15,68.54,50.38,37.79,29.49,27.59,47.71,16.05,22.83,35.9,45.11,14.4,30.36,55.73,22.87,66.43,31.48,63.29,42.42,54.46,29.67,50.87,31.5,14.05,63.99,55.14,47.33,28.01,53.12,32.87,38.22,21.73,49.28,32.65,56.5,13.98,62.74,38.86,52.41,53.54,35.76,43.01,57.13
13.17,72.28,48.16,50.58,55.01,12.33,18.3,46.82,68.72,50.5,38.46,29.18,27.56,47.21,16.04,22.71,35.97,45.09,14.43,30.26,55.69,22.73,66.06,31.59,63.35,42.16,54.41,29.67,51.04,31.54,13.93,64.02,55.29,47.35,27.95,52.43,32.77,38.19,21.75,49.31,32.64,56.58,13.94,63.06,38.67,52.36,54.52,35.51,43.28,57.16
13.07,72.5,48.19,50.58,54.68,12.32,18.33,46.6,68.51,50.44,38.48,29.57,27.55,46.75,15.83,22.76,35.94,45.13,14.41,30.37,55.49,22.81,65.34,31.7,63.29,42.77,54.76,29.65,51.01,31.54,13.83,63.75,55.23,47.36,27.92,52.75,32.64,37.83,21.7,49.32,32.54,56.25,13.9,63.68,39.05,52.33,54.73,35.41,43.47,57.12
13.1,72.49,48.17,50.72,54.45,12.33,18.35,46.85,68.62,49.64,38.42,29.77,27.5,47.03,15.51,22.81,35.95,45.13,14.46,30.61,55.87,22.61,64.54,31.76,63.35,43.94,55.28,29.64,50.96,31.51,13.72,63.76,54.91,47.62,27.84,53.21,32.69,37.85,21.68,49.28,32.37,56.72,13.91,63.05,39.06,52.46,55.02,35.09,43.47,57.23
13.0,72.37,48.2,50.7,54.45,12.38,18.38,46.61,68.68,48.61,38.65,30.14,27.4,46.92,15.46,22.89,35.97,45.17,14.41,30.63,55.62,22.56,64.66,31.65,63.54,44.08,56.34,29.64,51.17,31.44,13.81,63.65,54.73,47.36,27.86,53.77,33.15,37.57,21.66,49.31,32.38,56.39,13.96,63.36,39.09,52.53,55.17,34.95,43.63,56.86
13.03,71.91,48.21,50.69,54.59,12.49,18.44,46.72,68.85,48.72,38.69,30.43,27.41,47.01,15.46,22.72,35.87,45.3,14.46,30.8,55.22,22.6,65.73,31.65,63.38,43.55,57.23,29.64,51.23,31.36,13.69,64.1,55.05,46.86,27.82,54.2,33.21,37.31,21.67,49.34,32.36,56.2,13.93,63.56,39.13,52.59,55.06,35.09,43.23,57.4
13.0,73.29,48.23,50.65,54.77,12.5,18.47,47.15,68.91,48.82,38.87,30.8,27.49,47.11,15.66,22.83,35.9,45.35,14.47,31.04,55.72,22.61,65.09,31.54,63.41,44.31,57.36,29.65,51.41,31.54,13.63,64.27,54.92,46.96,27.72,55.17,33.21,36.87,21.7,49.38,32.38,56.8,13.91,63.59,38.69,52.52,54.99,35.21,42.99,57.8
12.86,73.41,48.27,50.48,54.95,12.51,18.5,47.67,68.9,48.51,39.91,30.58,27.61,47.23,15.57,22.72,35.92,45.37,14.45,31.08,55.77,22.73,66.31,31.51,63.69,44.31,57.85,29.65,51.47,31.49,13.6,64.42,54.78,46.81,27.54,54.82,32.89,36.8,21.71,49.43,32.56,57.06,13.89,63.36,38.48,52.6,54.74,35.18,42.76,57.63
12.77,73.13,48.3,50.51,55.34,12.47,18.52,48.1,68.85,47.95,39.83,30.51,27.51,47.44,15.49,22.49,35.94,45.32,14.35,31.08,55.28,22.81,66.9,31.63,63.76,43.91,58.06,29.64,51.56,31.46,13.63,64.14,54.39,46.57,27.33,54.55,32.91,37.09,21.69,49.37,32.36,57.24,14.02,62.91,38.14,52.65,55.01,35.31,43.05,57.64
12.67,73.12,48.33,50.56,55.15,12.44,18.51,48.45,68.81,47.14,39.48,30.69,27.53,47.54,15.44,22.43,35.82,45.3,14.37,30.86,54.78,22.64,66.43,31.7,63.67,43.94,57.8,29.61,51.45,31.45,13.57,64.22,54.26,46.85,27.19,54.51,32.79,36.56,21.69,49.33,32.21,57.12,14.11,61.76,38.39,52.73,54.9,35.25,43.26,57.33
12.73,73.81,48.28,50.58,55.38,12.48,18.5,48.3,68.74,47.1,39.22,30.73,27.47,47.57,15.41,22.51,35.83,45.41,14.31,30.9,54.68,22.51,67.4,31.69,63.63,44.17,57.39,29.59,51.52,31.48,13.46,64.32,53.92,46.93,27.16,54.23,32.83,36.8,21.67,49.32,32.27,56.97,14.16,61.7,38.37,52.6,54.49,35.21,42.39,57.27
12.72,73.52,48.24,50.58,55.09,12.34,18.56,47.7,68.68,47.73,39.1,30.61,27.48,47.15,15.48,22.56,35.82,45.4,14.27,31.2,54.77,22.61,67.17,31.74,63.73,44.56,58.02,29.59,51.49,31.52,13.5,64.35,53.86,46.77,27.23,54.26,33.01,36.29,21.65,49.36,32.32,56.15,14.27,62.02,38.59,52.55,54.66,35.3,42.05,57.14
12.79,73.4,48.23,50.55,54.76,12.23,18.55,47.68,68.69,48.32,38.49,30.65,27.56,46.96,15.53,22.76,35.88,45.36,14.35,30.84,55.36,22.65,66.66,31.87,63.68,45.07,57.21,29.57,51.42,31.51,13.66,64.1,53.25,46.99,27.22,54.7,32.97,36.3,21.64,49.32,32.28,56.62,14.22,62.02,38.59,52.56,54.33,35.28,42.0,57.1
12.8,72.91,48.17,50.59,54.94,12.21,18.62,47.87,68.71,48.39,38.92,30.81,27.52,47.19,15.74,22.72,35.86,45.34,14.36,30.7,55.47,22.7,65.61,32.18,63.6,45.45,57.81,29.55,51.38,31.47,13.87,64.31,53.29,46.67,27.2,54.95,33.29,36.15,21.65,49.32,32.31,56.42,14.03,61.58,38.86,52.69,54.19,35.38,41.77,57.07
12.71,73.39,48.21,50.57,54.84,12.09,18.63,48.2,68.78,47.59,38.75,31.04,27.48,47.06,15.54,22.81,35.92,45.3,14.37,30.38,56.15,22.68,65.13,32.29,63.6,45.06,58.11,29.57,51.43,31.53,13.74,64.12,53.18,46.46,27.25,54.93,33.37,36.26,21.66,49.33,32.3,56.82,14.15,61.92,39.08,52.64,54.22,35.34,42.16,56.93
12.63,73.84,48.2,50.49,54.34,12.05,18.66,47.82,68.9,47.53,38.24,30.65,27.52,47.08,15.39,22.76,35.92,45.29,14.39,30.4,56.1,22.73,65.86,32.29,63.59,44.46,58.1,29.57,51.49,31.4,13.53,64.18,53.08,46.23,27.13,55.56,33.51,35.98,21.63,49.32,32.27,56.19,14.15,61.83,39.08,52.58,54.13,35.33,42.15,57.63
12.7,74.15,48.16,50.39,54.31,12.11,18.68,48.07,68.86,47.37,38.15,30.69,27.52,47.5,15.41,22.83,35.85,45.28,14.35,30.45,56.33,22.54,65.8,32.07,63.67,43.65,57.89,29.56,51.35,31.4,13.55,64.11,52.9,45.77,27.18,56.0,33.78,36.13,21.61,49.28,32.14,55.91,14.2,61.6,38.99,52.61,54.31,35.25,42.36,57.33
12.71,73.69,48.14,50.42,54.55,12.06,18.64,48.07,68.73,47.21,38.86,30.83,27.5,48.05,15.42,22.82,35.77,45.39,14.39,30.56,56.48,22.57,66.82,32.02,63.47,43.56,57.27,29.54,51.38,31.55,13.57,64.15,52.52,46.03,27.21,55.11,34.07,36.03,21.61,49.28,32.23,56.33,14.2,61.11,38.57,52.65,54.4,35.29,42.11,57.34
12.77,73.47,48.1,50.38,54.23,12.03,18.62,47.15,68.76,47.13,38.79,31.13,27.49,48.49,15.16,22.45,35.87,45.29,14.4,30.35,55.9,22.46,67.29,32.36,63.51,43.45,58.24,29.53,51.41,31.61,13.63,64.37,53.0,45.62,27.21,55.64,33.89,35.81,21.59,49.27,32.31,56.98,14.22,60.58,38.3,52.68,54.54,35.5,41.73,57.05
12.83,72.87,48.09,50.37,54.22,12.05,18.67,46.8,68.64,47.22,38.68,31.4,27.44,48.64,15.01,22.29,35.86,45.35,14.38,29.9,56.34,22.43,67.51,32.34,63.73,44.04,58.8,29.52,51.33,31.63,13.54,65.07,52.58,45.88,27.15,55.25,33.77,35.92,21.59,49.25,32.25,56.91,14.14,60.5,38.57,52.67,54.19,35.35,42.17,57.13
12.91,73.19,48.1,50.48,53.96,11.99,18.65,46.75,68.7,47.23,38.54,31.35,27.47,48.9,15.1,22.39,35.9,45.2,14.34,30.15,56.37,22.51,67.36,32.45,63.96,44.71,58.94,29.53,51.29,31.66,13.49,65.31,52.82,45.75,27.11,54.64,34.21,35.88,21.61,49.25,32.2,56.49,13.93,60.95,38.57,52.77,53.38,35.26,42.36,56.84
12.97,73.23,48.11,50.76,53.93,12.1,18.67,45.98,68.64,47.13,38.49,31.48,27.5,48.58,14.9,22.39,35.91,45.2,14.36,30.74,56.18,22.55,67.08,32.62,64.0,44.03,59.6,29.53,51.34,31.68,13.39,65.29,52.86,46.01,27.2,54.24,34.04,36.1,21.62,49.26,32.34,56.03,13.97,60.71,37.95,52.89,53.34,35.36,42.73,56.9
12.91,73.25,48.13,50.75,53.77,12.03,18.64,45.72,68.49,46.61,38.18,31.59,27.4,48.81,15.1,22.41,35.88,45.2,14.32,30.33,56.91,22.5,68.11,32.62,63.82,44.37,58.96,29.52,51.26,31.65,13.35,65.18,52.73,46.04,27.24,54.01,34.08,36.24,21.58,49.21,32.24,56.49,13.96,59.71,37.94,52.89,53.4,35.33,42.37,56.3
12.94,74.35,48.19,50.71,53.68,12.13,18.65,46.14,68.42,46.34,38.09,31.74,27.4,49.02,15.13,22.47,35.84,45.15,14.33,29.73,57.18,22.49,68.55,32.69,64.08,44.25,58.86,29.53,51.27,31.62,13.32,64.85,52.74,46.21,27.24,54.39,33.77,36.49,21.59,49.2,32.17,56.27,13.82,59.96,38.2,52.76,53.18,35.17,41.65,55.92
13.02,74.35,48.2,50.81,53.4,12.19,18.62,46.36,68.38,46.42,37.68,31.07,27.45,49.11,15.2,22.7,35.87,45.16,14.31,29.98,56.54,22.47,68.45,32.77,64.08,43.86,59.21,29.54,51.39,31.59,13.48,65.11,52.6,45.84,27.19,54.9,33.78,36.36,21.62,49.21,32.22,56.58,13.83,59.58,37.84,52.78,52.84,35.45,41.99,55.72
13.17,75.04,48.2,50.77,53.4,12.15,18.63,46.17,68.33,46.67,36.79,31.12,27.45,49.17,15.34,22.98,35.84,45.18,14.26,29.61,56.77,22.55,67.77,32.31,63.95,43.78,59.44,29.54,51.3,31.72,13.48,64.9,52.64,45.46,27.12,54.58,34.02,36.13,21.62,49.2,32.23,56.08,13.92,58.92,37.81,52.77,53.32,35.55,41.84,55.78
13.26,75.15,48.18,50.89,53.49,12.0,18.65,45.71,68.29,46.47,37.04,30.95,27.5,49.25,15.41,22.96,35.8,45.21,14.22,29.47,57.02,22.53,67.3,32.27,63.77,43.93,58.93,29.52,51.13,31.75,13.61,64.88,52.68,45.72,27.2,54.63,33.85,36.17,21.62,49.19,32.31,55.97,13.9,58.97,37.74,52.74,53.25,35.29,41.81,55.48
13.16,75.14,48.16,50.93,53.51,11.88,18.66,46.01,68.33,46.07,37.04,30.95,27.48,49.54,15.66,22.83,35.82,45.21,14.19,29.75,57.13,22.52,67.91,32.28,63.6,43.83,59.28,29.52,51.07,31.86,13.63,64.7,52.49,46.5,27.19,54.56,33.74,36.26,21.61,49.13,32.4,55.69,13.9,58.95,37.7,52.64,52.86,35.1,41.67,55.04
13.25,75.12,48.1,50.96,53.32,11.91,18.63,46.16,68.32,46.01,37.21,30.73,27.44,49.5,15.66,23.01,35.87,45.24,14.2,30.18,57.57,22.5,67.9,31.86,63.55,43.76,59.56,29.51,51.02,31.63,13.55,64.78,52.41,46.59,27.07,55.57,33.42,36.13,21.62,49.14,32.38,55.5,13.84,59.23,37.61,52.8,52.58,35.04,41.26,55.05
13.38,74.71,48.12,50.83,53.23,11.84,18.63,45.61,68.25,45.63,37.01,30.88,27.42,49.29,15.51,23.04,35.85,45.18,14.18,30.36,58.59,22.33,67.18,31.86,63.46,43.68,59.36,29.51,50.82,31.67,13.3,64.96,52.77,46.58,27.02,55.02,33.39,35.87,21.62,49.08,32.35,55.5,13.92,59.31,37.94,52.91,52.76,35.19,41.04,55.21
13.33,74.3,48.1,50.77,52.92,11.77,18.65,45.87,68.19,45.5,37.26,30.84,27.33,49.03,15.58,22.96,35.85,45.06,14.26,30.47,58.85,22.39,67.78,32.24,63.55,43.79,59.86,29.48,50.73,31.69,13.45,65.04,52.76,46.59,27.16,54.38,33.16,35.75,21.57,49.07,32.27,55.27,13.99,58.46,37.59,52.92,52.94,35.28,40.88,55.21
13.32,73.57,48.07,50.79,53.07,11.77,18.57,46.2,68.22,45.94,36.99,30.67,27.39,48.64,15.59,23.14,35.86,45.1,14.25,30.01,58.98,22.64,68.28,32.36,63.55,44.46,60.51,29.49,50.71,31.52,13.47,65.3,52.8,45.98,27.19,53.92,33.14,35.46,21.56,49.05,32.17,55.91,14.01,58.63,37.93,52.97,53.52,35.47,41.24,55.15
13.4,73.43,48.06,50.79,53.13,11.66,18.5,46.64,68.19,46.11,37.37,30.38,27.41,48.88,15.52,23.21,35.89,45.17,14.25,30.43,59.05,22.65,68.92,32.29,63.58,44.57,59.07,29.49,50.88,31.53,13.48,65.58,53.21,45.76,26.96,54.09,33.32,35.28,21.59,49.14,32.28,55.47,13.99,58.85,37.82,52.87,53.43,35.6,41.48,55.65
13.47,73.98,48.1,50.73,53.25,11.63,18.51,46.81,68.21,45.65,38.19,29.93,27.47,48.9,15.51,23.34,35.91,45.26,14.29,30.55,59.89,22.72,68.76,32.28,63.62,43.77,58.77,29.51,50.84,31.61,13.4,65.62,53.7,45.83,26.98,54.08,33.2,35.45,21.6,49.1,32.31,56.28,14.02,58.86,37.43,53.04,53.11,35.64,41.42,55.89
13.31,73.99,48.06,50.68,53.34,11.75,18.54,46.32,68.11,45.41,37.67,29.45,27.48,48.64,15.53,23.25,35.86,45.28,14.35,30.45,59.94,22.7,68.63,32.23,63.57,44.24,58.5,29.49,50.75,31.46,13.44,65.54,53.24,45.84,26.88,54.07,32.96,35.44,21.6,49.11,32.34,56.25,14.04,59.06,37.09,53.19,52.95,35.6,41.71,55.51
13.43,73.87,48.04,50.8,53.22,11.79,18.51,46.26,67.97,46.36,37.6,29.2,27.42,48.95,15.4,23.43,35.83,45.38,14.37,30.21,60.25,22.76,69.77,31.89,63.48,44.27,59.05,29.48,50.82,31.51,13.34,65.36,53.07,45.86,26.91,54.57,32.84,35.65,21.59,49.06,32.39,54.67,14.06,59.37,36.98,53.36,53.39,35.63,41.82,55.83
13.32,73.81,48.08,50.77,53.38,11.83,18.56,45.81,67.91,46.28,37.91,29.26,27.38,49.4,15.37,23.47,35.79,45.48,14.29,30.48,59.61,22.73,70.3,31.85,63.36,44.64,58.84,29.48,50.91,31.56,13.54,65.76,53.09,45.51,26.97,54.41,32.92,35.55,21.61,49.03,32.43,55.08,13.97,60.05,36.9,53.57,54.47,35.47,41.91,56.22
13.37,73.69,48.08,50.71,53.58,11.81,18.55,46.06,68.03,46.91,38.17,29.12,27.46,49.58,15.28,23.45,35.81,45.46,14.43,30.32,59.5,22.77,71.36,31.78,63.58,44.77,58.83,29.49,50.99,31.63,13.39,65.81,53.54,45.13,26.97,54.46,33.2,35.7,21.66,49.05,32.36,53.88,14.13,60.14,36.83,53.44,54.37,35.47,41.49,56.27
13.37,73.91,48.08,50.63,53.92,11.74,18.5,45.84,68.2,46.42,38.76,29.11,27.49,49.66,15.4,23.61,35.87,45.5,14.45,30.01,60.06,22.87,71.2,31.54,63.56,44.83,58.91,29.5,51.17,31.74,13.6,66.01,53.25,44.86,27.05,54.94,32.91,35.78,21.69,49.04,32.3,53.87,14.0,61.13,36.78,53.48,54.82,35.36,41.53,55.99
13.41,74.2,48.01,50.72,53.87,11.66,18.45,45.56,68.31,46.35,39.31,29.61,27.48,49.83,15.26,23.44,35.9,45.51,14.51,30.21,59.95,22.93,70.44,31.64,63.64,45.21,58.92,29.5,51.37,31.75,13.58,65.94,53.34,45.31,27.17,54.28,32.88,35.39,21.71,49.08,32.34,54.02,14.03,62.22,37.04,53.5,54.66,35.27,41.54,56.41
13.4,73.88,48.01,50.68,53.77,11.63,18.44,45.91,68.2,47.0,39.42,29.4,27.5,49.85,15.4,23.55,35.89,45.5,14.54,30.32,59.28,22.89,70.45,31.83,63.7,45.35,58.23,29.51,51.41,31.77,13.57,66.42,52.9,45.43,27.21,54.48,33.21,35.25,21.7,49.07,32.29,53.98,13.88,62.45,36.77,53.53,54.63,35.16,42.13,56.2
13.48,74.11,48.04,50.58,53.9,11.52,18.5,46.25,68.28,47.47,39.47,29.84,27.46,49.99,15.43,23.43,35.91,45.49,14.55,30.53,59.63,22.91,69.75,32.05,63.64,45.74,58.1,29.5,51.28,31.8,13.51,66.33,52.77,45.47,27.25,55.1,32.9,35.24,21.7,49.1,32.36,54.39,14.0,61.69,36.73,53.61,54.24,35.15,42.83,56.28
13.4,74.35,48.04,50.66,54.42,11.53,18.55,45.82,68.26,47.65,39.37,29.94,27.47,49.75,15.23,23.52,35.94,45.4,14.56,30.38,59.76,23.01,69.28,32.17,63.59,45.14,57.81,29.5,51.31,31.78,13.5,66.77,52.79,45.58,27.34,55.05,33.0,34.96,21.71,49.11,32.44,53.87,13.85,62.15,36.67,53.49,54.66,35.29,42.99,56.39
13.48,74.13,48.06,50.67,54.65,11.61,18.53,45.47,68.33,47.14,38.97,30.01,27.47,49.91,15.05,23.71,35.95,45.37,14.63,30.2,59.68,22.94,67.79,32.19,63.67,44.91,57.86,29.49,51.3,31.73,13.36,66.22,52.65,45.53,27.17,55.32,33.12,35.29,21.71,49.1,32.4,53.74,13.79,62.97,36.63,53.52,54.33,35.12,42.63,56.21
13.46,74.16,48.05,50.85,54.76,11.59,18.57,45.22,68.15,47.55,38.79,29.85,27.4,50.09,14.91,23.78,35.9,45.45,14.63,30.52,59.51,22.97,68.15,32.19,63.87,44.86,58.53,29.47,51.1,31.62,13.43,66.18,52.75,45.55,27.18,55.95,32.93,34.9,21.68,49.08,32.21,53.21,13.67,64.18,36.86,53.38,55.01,35.13,42.48,56.12
13.43,74.4,48.04,50.68,54.85,11.49,18.56,44.68,68.24,47.32,38.71,29.96,27.36,50.01,14.84,24.05,35.87,45.44,14.72,29.82,59.24,22.84,68.5,32.35,64.02,44.68,57.71,29.46,51.26,31.62,13.55,66.19,53.03,46.63,27.22,55.46,33.58,34.92,21.69,49.11,32.2,53.33,13.66,63.11,36.61,53.33,55.15,35.12,42.88,56.5
13.59,73.89,48.0,50.6,54.86,11.47,18.56,44.31,68.23,47.68,38.42,29.69,27.36,50.68,14.74,24.15,35.89,45.43,14.71,29.88,59.24,22.83,67.68,32.34,64.08,44.99,57.41,29.47,51.3,31.62,13.72,66.19,52.95,46.69,27.3,54.52,33.37,35.17,21.71,49.1,32.28,52.65,13.82,62.69,36.65,53.29,55.23,34.98,42.86,57.05
13.77,73.94,47.98,50.67,55.08,11.49,18.54,44.34,68.18,47.66,38.44,29.37,27.3,50.68,14.67,24.22,35.88,45.4,14.69,29.72,59.08,22.91,68.26,32.38,64.13,44.45,58.2,29.45,51.23,31.6,13.62,65.97,53.19,46.67,27.39,54.34,32.94,35.18,21.73,49.11,32.3,52.13,13.87,62.64,36.49,53.23,55.37,34.78,43.04,57.11
13.83,73.48,47.96,50.59,54.97,11.59,18.55,44.13,68.15,48.07,38.0,29.33,27.33,50.56,14.76,24.3,35.77,45.45,14.74,30.34,59.33,23.05,68.32,32.52,64.27,43.68,57.59,29.43,51.1,31.62,13.81,65.84,53.19,46.4,27.37,54.44,32.97,34.31,21.71,49.1,32.35,51.67,13.87,62.57,36.57,53.14,55.2,34.77,43.28,57.47
13.69,73.32,47.97,50.62,55.34,11.6,18.55,44.32,68.06,48.44,38.21,29.6,27.43,50.71,14.75,24.07,35.73,45.57,14.75,30.19,58.0,23.11,68.32,31.99,64.01,43.17,57.49,29.43,51.04,31.64,13.79,66.05,52.56,45.9,27.53,54.88,32.85,34.63,21.7,49.07,32.32,51.98,13.77,62.74,36.66,53.05,54.61,34.62,43.3,57.4
13.7,73.37,47.97,50.53,55.22,11.55,18.53,44.44,68.13,48.39,38.08,29.17,27.29,50.83,14.92,24.04,35.74,45.51,14.71,30.29,58.39,23.05,67.41,31.64,63.96,42.86,57.98,29.4,50.97,31.59,13.74,66.07,52.37,45.84,27.42,55.28,32.51,34.16,21.67,49.07,32.19,52.33,13.78,62.37,36.63,53.17,54.65,34.78,43.44,57.14
13.78,73.13,47.9,50.45,55.19,11.56,18.53,44.51,67.95,48.55,37.69,29.1,27.24,50.59,14.78,23.9,35.74,45.57,14.66,30.6,58.35,23.11,66.31,31.82,63.74,43.1,58.05,29.38,50.89,31.5,13.7,66.0,52.27,45.7,27.46,55.29,32.17,34.15,21.62,49.03,32.18,52.03,13.63,61.11,36.63,53.16,54.71,34.79,43.42,57.04
13.77,72.6,47.87,50.33,55.12,11.53,18.44,44.6,67.88,48.5,38.25,28.5,27.21,50.74,14.71,23.75,35.61,45.57,14.69,30.9,58.22,23.08,65.68,31.8,63.5,43.07,58.11,29.37,50.8,31.42,13.28,65.61,52.13,45.36,27.29,55.25,32.24,33.88,21.59,49.0,32.1,52.2,13.61,61.26,37.11,53.17,53.99,34.67,42.9,57.11
13.92,72.14,47.78,50.34,55.29,11.58,18.39,44.85,67.69,47.46,38.02,28.44,27.17,50.9,14.92,23.87,35.53,45.67,14.64,31.02,58.31,23.07,65.08,31.62,63.26,42.34,57.79,29.33,50.7,31.27,13.31,65.88,52.0,44.98,27.21,54.79,32.16,34.23,21.53,48.92,32.12,51.67,13.64,61.08,37.16,53.38,53.82,34.41,42.3,57.04
14.0,71.8,47.74,50.33,55.22,11.65,18.48,44.96,67.51,48.57,37.64,28.14,27.15,51.03,14.86,23.85,35.47,45.57,14.6,31.08,59.04,23.11,64.92,31.46,63.1,42.54,57.73,29.29,50.41,31.21,13.28,65.82,52.53,44.63,27.24,54.57,31.57,34.09,21.49,48.93,32.04,50.95,13.54,60.12,37.5,53.18,54.26,34.47,41.56,57.04
14.0,71.42,47.76,50.51,54.94,11.63,18.46,45.09,67.5,49.0,38.22,27.85,27.2,51.24,14.85,23.83,35.41,45.66,14.57,30.61,59.12,23.11,65.1,31.68,62.87,42.51,57.66,29.26,50.42,31.32,13.29,65.71,52.77,44.58,27.24,54.52,31.49,34.37,21.48,48.91,32.13,50.84,13.62,60.16,36.98,53.33,53.57,34.61,41.86,56.32
13.97,71.6,47.73,50.46,54.86,11.69,18.42,44.8,67.54,48.41,37.89,27.81,27.22,51.25,14.88,23.81,35.4,45.83,14.57,30.76,59.45,23.17,64.48,31.66,63.02,42.42,57.17,29.24,50.29,31.28,13.38,65.54,52.58,44.28,27.14,53.62,31.75,34.52,21.44,48.84,32.09,50.87,13.5,59.08,36.61,53.17,53.37,34.35,40.99,56.25
13.93,72.04,47.73,50.49,54.88,11.66,18.42,45.11,67.44,48.47,38.36,26.9,27.14,50.82,14.79,23.87,35.33,45.78,14.48,30.52,58.47,23.11,65.25,31.52,63.02,42.46,57.19,29.21,50.18,31.24,13.43,65.25,52.64,44.12,27.1,54.14,31.91,34.68,21.39,48.83,32.1,51.14,13.39,58.89,36.6,53.37,53.91,34.19,40.54,56.13
14.11,71.47,47.71,50.46,54.99,11.6,18.38,44.84,67.3,48.19,38.52,26.75,27.16,50.56,15.05,23.91,35.34,45.78,14.44,30.0,58.54,23.03,65.6,31.5,63.07,43.0,57.05,29.2,50.05,31.15,13.32,65.35,52.53,43.96,27.11,54.03,32.12,34.51,21.38,48.82,32.11,51.11,13.22,58.99,36.52,53.49,54.35,34.31,40.52,56.18
14.09,71.46,47.73,50.59,54.75,11.59,18.41,45.43,67.33,48.33,38.47,27.29,27.11,50.7,15.28,23.88,35.33,45.81,14.44,29.74,58.83,23.03,65.94,31.42,63.06,43.48,56.92,29.21,49.95,31.16,13.36,65.42,52.63,43.98,27.07,54.24,32.22,34.6,21.4,48.84,32.27,50.93,13.24,59.32,36.53,53.59,54.97,34.22,39.95,55.91
14.22,71.53,47.73,50.52,54.97,11.7,18.41,45.03,67.52,48.51,38.55,27.17,27.15,50.91,15.22,23.92,35.42,45.8,14.5,30.02,59.27,23.09,65.82,31.47,62.96,43.82,56.53,29.22,50.05,31.33,13.25,65.19,52.23,44.35,26.92,54.5,32.58,34.79,21.43,48.88,32.15,50.76,13.28,58.88,36.64,53.74,54.79,34.11,39.98,55.84
14.23,72.01,47.72,50.53,54.7,11.74,18.47,45.43,67.59,49.67,38.85,27.13,27.05,50.79,15.05,23.9,35.42,45.8,14.5,29.91,60.33,23.08,66.38,31.62,62.92,43.81,56.55,29.21,50.17,31.34,13.43,64.9,52.09,44.39,27.01,54.06,31.82,34.81,21.43,48.83,32.24,50.62,13.09,58.76,37.36,53.57,54.63,34.3,39.56,55.76
14.16,72.57,47.7,50.55,54.69,11.75,18.5,45.64,67.82,50.27,38.69,27.33,27.05,50.9,14.84,24.01,35.35,45.88,14.51,29.64,59.74,22.97,66.35,31.69,63.09,43.31,56.64,29.2,50.23,31.22,13.41,65.09,52.33,44.67,26.93,54.54,31.79,34.58,21.45,48.8,32.3,51.33,13.24,60.01,37.47,53.61,54.99,34.2,39.8,55.52
14.11,73.08,47.71,50.62,54.54,11.76,18.44,45.4,67.88,49.92,38.72,27.83,27.06,50.83,14.74,24.1,35.32,45.83,14.44,29.77,60.03,22.93,65.64,31.48,63.23,44.01,56.46,29.2,50.32,31.27,13.34,64.78,52.42,44.37,26.96,55.11,31.78,34.82,21.44,48.82,32.2,51.13,13.14,60.57,37.45,53.65,54.99,34.09,40.61,55.85
14.14,72.7,47.7,50.64,54.71,11.66,18.45,45.92,67.9,49.54,38.65,28.0,26.98,50.9,15.07,24.15,35.36,45.81,14.46,29.64,59.28,22.8,66.16,31.58,63.23,43.39,56.92,29.2,50.37,31.25,13.36,65.39,52.46,44.77,26.9,55.01,32.23,34.44,21.45,48.83,32.27,51.34,13.1,60.9,37.33,53.67,54.37,34.11,40.42,55.6
14.17,72.75,47.68,50.63,54.49,11.51,18.45,45.83,68.1,49.46,38.15,27.87,26.96,50.47,14.88,24.28,35.37,45.86,14.4,29.99,58.86,22.74,66.77,31.55,63.26,43.04,57.28,29.2,50.42,31.35,13.53,64.91,52.33,44.55,26.81,54.23,32.22,35.04,21.48,48.81,32.11,52.14,13.07,61.81,37.0,53.78,54.47,34.11,40.78,55.79
14.01,72.19,47.75,50.79,54.94,11.43,18.39,45.62,68.11,49.34,37.86,27.86,26.89,49.96,14.83,24.19,35.35,45.81,14.46,29.89,59.99,22.69,67.24,31.66,63.46,43.66,56.48,29.2,50.42,31.36,13.4,65.14,52.18,44.18,26.97,53.53,32.1,34.84,21.5,48.81,32.16,51.66,13.09,61.25,37.13,54.06,53.69,34.31,41.44,55.96
14.02,73.39,47.75,50.9,55.04,11.44,18.38,45.96,68.07,49.0,38.66,27.59,26.92,50.06,14.99,24.15,35.36,45.79,14.51,29.68,59.38,22.64,67.06,31.64,63.25,44.08,56.2,29.2,50.45,31.32,13.44,65.46,51.67,44.21,26.88,53.67,32.28,35.08,21.49,48.82,32.08,51.43,13.1,62.02,36.8,53.89,53.6,34.39,41.25,56.29
14.08,73.46,47.71,50.92,55.31,11.34,18.32,46.71,68.03,48.58,37.92,27.62,26.95,49.92,14.9,24.22,35.26,45.81,14.55,29.72,59.56,22.62,66.76,31.37,63.36,44.64,56.5,29.22,50.42,31.36,13.3,65.27,51.64,43.88,26.81,54.48,32.46,34.81,21.51,48.78,32.14,51.72,13.21,60.88,36.42,53.81,53.43,34.55,41.65,56.27
14.13,73.34,47.74,50.98,55.15,11.47,18.34,46.43,68.19,48.93,37.65,27.17,26.93,49.97,15.27,24.09,35.29,45.68,14.59,29.6,60.48,22.57,66.3,31.33,63.32,44.7,55.98,29.21,50.38,31.26,13.32,64.94,51.67,44.5,26.73,54.56,32.3,35.35,21.5,48.78,32.24,51.58,13.28,60.55,36.67,53.81,53.4,34.39,41.52,56.4
14.37,73.54,47.73,51.01,55.12,11.42,18.34,46.73,68.12,48.8,37.93,27.23,26.78,50.51,15.28,24.34,35.3,45.82,14.63,29.17,60.44,22.54,65.68,31.11,63.35,45.08,56.24,29.2,50.29,31.27,13.28,65.1,51.44,44.65,26.9,54.23,32.59,35.61,21.47,48.82,32.19,51.6,13.22,60.82,37.0,53.92,53.22,34.52,41.85,56.89
14.33,73.72,47.75,50.97,55.58,11.51,18.37,46.75,68.1,48.66,37.62,27.5,26.82,50.36,15.15,24.17,35.33,45.91,14.63,29.09,60.07,22.63,66.23,30.98,63.31,44.6,56.74,29.21,50.35,31.29,13.24,65.29,51.56,43.99,26.98,54.6,32.74,35.96,21.51,48.85,32.3,51.73,13.21,61.55,36.84,53.88,53.21,34.55,41.27,57.18
14.17,74.54,47.8,50.89,55.78,11.33,18.45,46.43,68.14,48.1,38.03,27.7,26.89,50.38,15.03,24.33,35.29,45.93,14.72,28.98,60.56,22.58,66.58,31.26,63.11,44.35,56.16,29.21,50.53,31.37,13.32,65.13,50.86,43.88,26.99,54.73,32.86,35.65,21.53,48.84,32.21,51.62,13.29,60.82,37.0,53.92,53.98,34.38,41.18,57.01
14.19,74.63,47.81,50.84,56.18,11.23,18.51,46.75,68.23,48.09,37.85,27.67,26.87,50.78,14.95,24.31,35.28,45.97,14.63,28.94,60.02,22.51,67.44,31.21,63.16,44.66,55.9,29.19,50.52,31.36,13.28,65.49,51.33,43.92,27.1,54.93,32.98,35.93,21.54,48.83,32.31,51.48,13.26,59.89,36.49,53.89,53.8,34.22,40.84,56.93
14.28,74.64,47.83,50.88,55.97,11.31,18.5,47.14,68.35,48.64,37.29,27.8,26.94,50.66,14.98,24.37,35.25,46.01,14.56,29.2,60.06,22.65,67.6,31.12,63.28,44.98,56.05,29.19,50.53,31.29,13.4,65.46,50.92,44.25,27.04,55.05,33.08,35.91,21.53,48.86,32.29,51.64,13.22,59.45,36.58,53.93,53.92,34.28,40.53,56.98
14.26,74.24,47.82,50.7,55.87,11.34,18.42,47.22,68.32,48.64,37.13,27.77,27.03,50.66,14.84,24.58,35.28,46.13,14.61,29.17,60.48,22.74,67.68,30.55,63.37,44.93,55.78,29.19,50.56,31.38,13.62,65.59,50.91,43.84,27.0,55.78,32.39,36.65,21.56,48.9,32.24,51.58,13.22,59.54,36.66,53.98,53.48,34.4,40.02,57.06
14.39,73.89,47.83,50.66,55.99,11.39,18.39,47.16,68.39,48.38,36.74,27.99,27.0,50.92,15.01,24.51,35.33,46.03,14.57,29.12,60.82,22.92,68.56,30.82,63.51,45.22,56.16,29.19,50.74,31.47,13.76,65.51,51.07,44.0,26.99,55.08,32.42,36.94,21.57,48.96,32.35,51.58,13.23,59.63,36.77,53.97,53.55,34.43,39.66,57.09
14.45,74.11,47.84,50.64,56.48,11.38,18.38,46.47,68.47,47.57,36.75,28.41,27.03,50.64,14.94,24.46,35.34,46.06,14.62,29.2,61.26,22.96,68.97,30.74,63.72,45.48,56.07,29.21,50.99,31.59,13.88,65.85,50.51,44.58,26.87,54.78,33.13,36.97,21.61,48.97,32.43,51.74,13.24,60.2,36.81,53.91,54.14,34.23,39.74,57.21
14.5,73.17,47.86,50.8,56.44,11.31,18.35,46.35,68.43,46.87,37.42,28.54,27.15,50.89,14.87,24.27,35.43,45.89,14.54,29.24,61.42,23.07,70.54,30.66,63.81,45.3,55.73,29.22,51.23,31.73,13.87,66.15,50.76,44.64,26.85,54.97,33.38,37.25,21.63,49.0,32.41,51.89,13.24,59.48,37.26,54.09,54.28,34.26,40.09,56.83
14.75,73.3,47.92,50.76,56.61,11.31,18.39,45.64,68.46,47.16,37.9,28.72,27.25,50.61,15.15,24.39,35.44,45.82,14.55,29.67,60.97,23.09,70.82,30.71,63.95,45.61,56.51,29.24,51.24,31.66,13.99,66.01,50.97,43.9,26.9,55.1,33.49,37.5,21.65,49.06,32.48,52.11,13.16,59.87,37.19,54.08,54.82,34.35,40.61,56.85
14.81,73.45,47.95,50.78,56.71,11.26,18.41,45.67,68.48,46.91,38.24,28.86,27.26,50.88,15.17,24.27,35.52,45.82,14.58,29.83,60.76,23.08,71.01,30.64,63.86,45.76,56.19,29.26,51.31,31.73,13.96,66.29,51.17,44.2,26.85,55.25,33.4,37.79,21.69,49.06,32.39,53.36,13.2,60.51,37.02,54.05,54.54,34.46,41.57,56.63
14.75,73.14,47.94,50.91,56.72,11.18,18.35,46.03,68.31,47.2,38.36,28.89,27.21,51.39,15.29,24.18,35.57,45.9,14.56,29.63,60.79,22.98,71.42,30.56,63.91,45.81,56.95,29.27,51.51,31.73,13.92,66.16,51.27,44.38,26.88,55.56,32.97,37.84,21.72,49.11,32.45,52.87,13.2,61.31,36.92,54.02,54.52,34.65,41.28,56.92
14.79,73.3,47.99,50.9,56.46,11.15,18.29,45.79,68.24,46.45,38.71,29.16,27.35,51.13,15.28,24.13,35.58,46.09,14.63,29.39,61.46,22.99,71.08,30.6,63.87,45.29,57.45,29.27,51.46,31.7,13.86,65.95,51.6,43.85,26.94,55.99,33.33,37.29,21.73,49.11,32.44,52.69,13.25,61.48,36.35,53.94,54.66,34.63,41.4,56.99
14.57,73.58,47.94,50.86,56.32,11.12,18.21,45.45,68.28,46.4,38.72,29.04,27.35,50.79,15.11,24.09,35.53,46.08,14.62,29.69,61.86,23.11,71.31,30.78,63.96,45.23,57.79,29.25,51.31,31.65,13.81,65.45,51.38,43.89,27.07,56.5,33.78,37.43,21.69,49.08,32.57,53.23,13.31,61.46,36.33,53.87,54.79,34.7,41.54,56.86
14.62,73.9,47.95,50.65,56.08,11.15,18.17,45.45,68.25,46.89,38.44,28.82,27.24,51.04,14.98,24.14,35.5,46.08,14.61,30.0,62.26,23.07,70.34,30.86,63.92,45.29,58.05,29.23,51.45,31.57,13.74,65.35,51.29,43.62,26.87,56.85,33.78,37.82,21.67,49.09,32.55,52.69,13.36,60.94,36.47,54.09,54.49,34.52,41.36,56.81
14.71,73.82,47.96,50.71,55.97,11.2,18.19,45.06,68.32,46.57,38.06,28.56,27.2,50.98,14.81,24.19,35.53,46.07,14.56,30.17,62.34,22.93,70.72,31.01,63.81,46.25,57.85,29.21,51.41,31.48,13.59,65.22,50.77,43.55,26.87,56.36,34.28,37.82,21.65,49.07,32.54,53.12,13.38,61.09,36.23,54.11,54.63,34.64,41.87,56.62
14.54,74.04,47.97,50.75,56.02,11.24,18.16,44.81,68.39,46.52,38.58,28.68,27.19,50.89,15.03,24.27,35.55,46.01,14.55,29.98,62.83,22.93,70.18,30.93,63.91,45.44,57.57,29.21,51.22,31.56,13.65,65.67,51.16,43.52,26.8,56.15,34.35,38.18,21.65,49.07,32.65,53.71,13.51,60.32,36.46,54.02,54.69,34.9,42.0,56.81
14.6,73.32,47.95,50.61,56.17,11.3,18.12,45.22,68.52,46.18,38.53,28.77,27.24,51.07,14.84,24.2,35.52,45.98,14.49,30.2,62.53,22.92,71.21,30.95,63.97,45.08,57.74,29.2,51.18,31.55,13.53,65.79,51.7,43.43,26.82,56.26,34.08,38.48,21.66,49.06,32.61,53.6,13.49,60.37,36.51,53.98,54.89,34.77,42.07,56.42
14.65,73.65,47.91,50.5,56.25,11.33,18.14,45.25,68.65,46.18,38.74,28.57,27.12,51.36,14.74,24.29,35.58,46.03,14.45,30.75,61.85,22.87,72.05,30.97,63.91,44.76,58.02,29.2,51.12,31.52,13.37,66.28,51.59,43.49,26.66,55.71,33.6,38.39,21.67,49.07,32.6,53.29,13.33,61.29,36.76,53.94,54.96,35.03,41.93,56.06
14.61,73.45,47.92,50.46,56.01,11.27,18.09,45.46,68.46,46.26,38.33,28.39,27.14,51.36,14.86,24.14,35.6,45.79,14.38,30.4,62.07,22.83,71.32,30.75,63.65,45.03,57.46,29.2,51.25,31.45,13.37,66.08,51.75,43.75,26.77,55.44,33.61,37.83,21.66,49.06,32.64,52.28,13.29,61.92,36.91,53.97,55.43,35.02,41.8,55.98
14.71,73.48,47.88,50.38,56.18,11.33,18.11,45.56,68.35,45.84,38.23,27.93,27.03,51.42,14.89,24.2,35.58,45.73,14.33,30.33,62.27,22.82,70.27,30.57,63.6,45.4,57.85,29.18,51.25,31.46,13.42,66.11,52.0,43.61,26.71,55.68,33.64,37.65,21.62,49.06,32.76,52.44,13.31,62.14,36.77,54.11,55.89,34.97,42.06,55.92
14.72,74.03,47.84,50.18,55.78,11.35,18.09,46.07,68.31,45.61,38.7,27.79,26.97,51.29,14.61,24.2,35.55,45.7,14.26,30.38,61.96,22.75,69.74,30.5,63.56,45.01,57.79,29.17,51.26,31.45,13.41,66.18,51.98,43.72,26.57,55.66,33.3,37.72,21.6,49.06,32.73,52.59,13.29,62.28,36.79,54.04,55.99,34.82,42.02,55.72
14.6,74.09,47.8,50.14,55.79,11.42,18.1,46.26,68.34,46.07,38.21,27.64,26.88,50.87,14.61,24.44,35.5,45.7,14.28,30.33,61.14,22.67,69.41,30.25,63.56,45.52,58.01,29.15,51.28,31.46,13.48,66.65,51.98,43.58,26.45,55.32,33.52,37.52,21.57,49.02,32.64,53.37,13.34,61.49,36.59,54.11,55.44,34.62,41.88,55.49
14.61,73.37,47.81,50.04,56.17,11.45,18.09,45.98,68.21,45.32,38.16,27.57,26.91,50.88,14.4,24.61,35.52,45.72,14.27,30.35,60.93,22.6,69.71,30.22,63.41,45.84,58.03,29.13,51.11,31.36,13.38,66.92,51.48,43.73,26.31,54.87,33.45,38.23,21.57,49.03,32.6,53.12,13.33,62.28,36.41,53.98,55.5,34.48,41.89,55.51
14.65,73.65,47.84,50.14,56.26,11.43,18.09,45.69,68.04,45.3,37.88,27.78,26.8,50.58,14.32,24.61,35.49,45.78,14.27,30.08,61.26,22.53,68.88,30.23,63.23,46.27,58.22,29.13,51.01,31.36,13.4,66.95,51.53,43.06,26.1,55.3,33.11,38.49,21.57,49.01,32.55,52.96,13.14,62.28,36.34,54.15,54.94,34.13,41.77,54.77
14.68,73.44,47.79,50.07,56.33,11.45,18.07,46.04,68.08,45.26,37.51,28.53,26.82,50.35,14.32,24.6,35.45,45.8,14.24,30.3,60.53,22.58,68.43,30.14,63.17,47.22,58.1,29.11,50.97,31.42,13.4,67.29,51.89,42.72,26.32,54.86,33.25,38.66,21.56,49.03,32.4,52.59,13.06,62.67,35.84,54.05,55.0,34.17,42.2,54.9
14.68,73.15,47.82,50.1,56.06,11.48,18.02,46.52,68.06,45.58,37.77,29.1,26.84,50.56,14.34,24.43,35.43,45.64,14.25,29.95,60.25,22.48,69.38,30.17,63.36,47.55,57.38,29.11,51.08,31.48,13.61,67.02,51.91,42.54,26.31,54.89,33.19,38.68,21.58,49.03,32.44,53.12,13.12,62.6,35.72,53.97,55.28,34.23,41.36,54.65
14.55,74.05,47.85,49.98,56.12,11.69,18.0,46.76,68.17,46.03,37.55,28.86,26.9,50.76,14.35,24.51,35.48,45.78,14.18,30.43,60.45,22.55,68.98,30.11,63.36,48.58,57.4,29.13,51.11,31.48,13.8,67.16,51.68,42.49,26.25,55.77,32.91,38.38,21.62,49.09,32.44,52.85,13.14,62.4,35.95,53.88,55.52,34.29,41.0,54.82
14.63,74.02,47.81,49.95,56.0,11.7,18.02,46.11,68.19,45.52,37.56,28.75,27.05,51.26,14.3,24.61,35.54,45.54,14.19,30.39,60.18,22.65,68.16,30.07,63.22,49.0,58.36,29.14,51.14,31.5,13.62,67.38,51.65,42.01,26.24,55.14,33.22,38.41,21.63,49.14,32.57,52.87,13.07,62.52,35.68,53.78,55.67,34.31,41.29,54.64
14.55,74.1,47.74,49.85,56.44,11.76,18.02,45.83,68.18,46.2,37.87,28.58,27.0,51.33,14.31,24.65,35.5,45.53,14.18,30.89,59.93,22.68,68.4,30.14,62.98,48.49,58.33,29.12,51.05,31.44,13.62,67.21,52.11,41.84,26.2,54.99,32.92,38.22,21.61,49.07,32.47,53.24,13.08,62.39,35.49,53.89,55.55,34.37,41.09,54.83
14.5,73.6,47.67,49.65,56.36,11.83,18.03,45.65,68.06,46.76,37.9,28.47,27.06,50.6,14.07,24.7,35.53,45.46,14.17,30.66,59.21,22.7,67.55,30.07,63.16,48.14,58.52,29.11,50.98,31.52,13.65,67.03,52.37,40.91,26.24,54.7,32.87,38.02,21.59,49.05,32.49,52.95,12.91,62.3,35.66,53.95,54.91,34.32,41.11,54.64
14.58,73.93,47.64,49.66,56.81,11.71,18.07,45.69,68.05,46.9,37.9,28.18,26.96,50.3,14.1,24.75,35.52,45.38,14.17,31.06,58.52,22.64,67.58,29.95,63.19,48.28,59.27,29.09,50.98,31.5,13.72,66.95,52.94,40.61,26.17,55.01,32.68,38.31,21.56,48.98,32.52,53.29,12.87,61.4,35.55,53.82,55.14,34.1,41.01,54.3
14.56,73.79,47.61,49.71,56.58,11.87,18.02,45.84,68.06,46.75,37.67,27.86,26.89,50.05,14.13,24.46,35.5,45.4,14.19,31.02,58.53,22.63,67.53,29.79,63.15,48.03,58.78,29.09,50.85,31.37,13.54,66.72,52.92,40.72,26.01,55.06,33.15,38.4,21.55,48.95,32.54,53.86,12.95,61.68,35.91,53.81,54.74,33.83,40.6,54.42
14.62,74.14,47.62,49.73,56.82,11.93,18.0,45.83,68.07,46.98,37.82,27.83,26.82,49.87,14.29,24.15,35.5,45.2,14.2,31.24,58.37,22.56,67.55,29.76,62.97,48.45,59.29,29.07,50.72,31.43,13.59,66.47,52.97,40.87,26.12,55.05,32.81,38.84,21.52,48.96,32.6,53.56,12.99,61.03,35.64,53.65,54.68,33.78,40.54,54.66
14.64,74.21,47.63,49.8,56.8,12.0,17.99,46.31,68.11,47.2,37.96,27.63,26.75,50.11,14.27,24.58,35.47,44.94,14.11,31.92,58.09,22.64,68.0,29.79,62.95,48.1,59.14,29.06,50.72,31.38,13.58,66.7,53.11,40.67,26.05,55.8,33.15,38.53,21.51,48.97,32.62,53.59,12.88,61.44,35.8,53.53,55.47,33.84,41.11,54.57
14.71,74.8,47.64,49.78,56.75,11.9,17.96,46.36,68.19,47.36,37.99,27.53,26.82,49.82,14.51,24.75,35.45,45.0,14.17,31.8,57.86,22.55,68.39,30.07,63.14,47.86,58.45,29.06,50.62,31.32,13.52,66.19,53.07,40.69,26.02,55.86,32.77,38.48,21.54,49.06,32.66,53.15,12.84,61.39,35.98,53.49,55.57,33.91,41.4,54.22
14.86,74.35,47.62,49.71,56.8,11.96,17.93,46.61,68.15,46.6,38.8,27.74,26.77,49.72,14.5,24.9,35.44,45.03,14.32,32.01,57.53,22.6,68.14,30.11,63.18,47.08,57.82,29.05,50.6,31.46,13.59,66.02,52.99,40.63,26.02,55.89,32.82,38.75,21.54,49.08,32.77,52.73,12.89,60.84,35.68,53.56,55.42,33.92,40.99,54.46
15.03,74.09,47.58,49.69,56.88,11.96,17.94,46.4,68.16,46.31,39.22,27.55,26.77,49.49,14.25,24.87,35.45,44.92,14.28,31.85,57.78,22.67,68.57,30.28,63.28,46.47,57.54,29.07,50.61,31.54,13.52,66.07,53.16,40.81,26.05,55.75,32.45,38.58,21.54,49.09,32.7,53.02,12.79,61.02,35.71,53.54,55.21,33.83,40.29,54.59
15.12,74.17,47.55,49.74,56.58,11.9,17.97,46.92,68.08,46.24,39.17,27.26,26.72,49.51,14.13,24.73,35.49,44.95,14.24,32.04,57.36,22.67,69.03,30.06,63.0,46.54,58.28,29.06,50.61,31.44,13.59,65.84,53.33,41.3,26.07,55.77,32.72,38.58,21.52,49.1,32.58,52.45,12.78,60.21,35.73,53.39,54.79,33.92,40.04,54.82
15.09,73.75,47.53,49.76,56.43,11.89,17.98,47.18,68.07,46.62,39.85,27.28,26.66,49.34,14.12,24.91,35.48,44.84,14.19,32.01,57.13,22.61,69.26,30.17,62.96,46.63,58.06,29.06,50.6,31.42,13.67,65.41,53.21,41.48,26.02,56.44,32.78,38.94,21.52,49.05,32.52,52.5,12.74,60.56,35.56,53.57,54.92,33.71,40.57,55.07
15.05,73.53,47.54,49.82,56.86,11.9,17.98,47.31,68.02,47.28,39.49,27.48,26.69,49.46,14.26,24.94,35.47,44.89,14.17,31.98,57.41,22.56,70.32,30.13,63.24,46.85,58.1,29.06,50.44,31.35,13.68,65.19,53.55,41.71,26.15,56.1,32.48,38.11,21.51,49.03,32.68,52.16,12.61,60.96,35.73,53.51,54.63,33.86,40.46,55.36
15.04,73.74,47.57,49.74,56.84,11.95,17.99,47.21,67.85,47.61,38.95,27.65,26.76,49.47,14.35,24.99,35.49,44.89,14.16,32.29,57.1,22.73,70.03,30.08,63.24,46.9,57.99,29.07,50.56,31.46,13.8,65.01,53.9,41.23,26.12,57.05,32.51,38.35,21.53,49.09,32.76,52.99,12.61,60.46,36.02,53.45,55.18,33.8,40.57,55.31
15.04,74.2,47.58,49.72,56.49,12.0,18.01,47.21,67.86,48.86,38.79,27.73,26.67,49.51,14.56,24.93,35.51,44.95,14.1,32.73,57.55,22.91,69.68,30.21,63.54,47.56,58.13,29.07,50.66,31.47,13.95,65.31,54.25,41.35,26.31,57.11,32.47,38.64,21.55,49.11,32.81,53.51,12.64,60.56,35.79,53.34,54.91,33.79,40.56,55.62
14.95,74.86,47.59,49.71,56.67,12.02,18.01,47.09,67.96,48.4,38.9,28.05,26.78,49.59,14.62,25.06,35.52,45.03,14.11,32.57,57.77,22.85,69.39,30.39,63.78,47.67,57.93,29.08,50.76,31.61,13.99,65.17,54.41,41.33,26.3,57.13,33.01,38.45,21.59,49.13,32.78,53.34,12.68,59.44,35.92,53.32,54.95,33.98,40.7,55.56
14.95,74.85,47.63,49.77,56.7,11.91,18.0,47.35,67.98,48.28,39.39,27.77,26.75,49.67,14.7,24.88,35.56,44.98,14.13,32.37,58.8,22.95,68.11,30.34,63.77,47.3,57.64,29.09,50.82,31.61,14.13,64.88,54.4,41.22,26.3,56.4,33.48,38.26,21.61,49.17,32.76,53.4,12.61,59.48,36.17,53.34,54.8,34.02,41.34,55.74
14.82,74.1,47.63,49.7,56.42,11.86,18.0,47.58,67.95,48.26,38.98,27.35,26.77,49.97,14.64,24.69,35.61,44.97,14.18,32.75,59.3,22.94,68.47,30.07,63.86,48.02,57.91,29.07,50.74,31.57,14.17,65.04,54.05,41.32,26.18,56.12,33.5,38.04,21.61,49.13,32.6,53.49,12.51,59.42,36.28,53.17,54.67,34.21,41.53,55.88
14.74,73.7,47.63,49.69,56.79,11.86,18.06,47.59,67.94,48.46,38.7,27.13,26.72,49.96,14.71,24.59,35.58,44.9,14.19,32.63,59.46,22.87,68.84,30.07,63.7,47.88,57.58,29.06,50.8,31.47,14.11,64.8,54.55,41.53,26.04,56.56,33.49,38.03,21.61,49.12,32.57,52.73,12.52,59.7,36.11,53.0,54.34,34.17,41.67,55.93
14.71,73.73,47.6,49.68,56.65,11.8,18.09,47.5,67.87,48.87,38.41,27.13,26.76,49.97,14.63,24.47,35.48,44.8,14.14,32.7,59.07,22.79,68.58,30.12,63.62,48.6,57.74,29.04,50.74,31.46,14.16,64.72,53.75,41.96,25.97,56.34,33.17,38.1,21.59,49.1,32.56,53.58,12.54,59.53,36.02,53.11,54.27,34.01,41.75,56.1
14.82,73.45,47.6,49.67,56.51,11.85,18.11,47.55,67.81,49.45,38.72,27.36,26.8,49.66,14.38,24.7,35.47,44.76,14.19,32.69,60.01,22.68,70.06,30.04,63.6,49.28,58.22,29.02,50.7,31.59,14.14,64.98,53.4,41.61,25.98,57.02,33.53,38.21,21.61,49.05,32.53,53.08,12.52,58.9,35.83,53.06,54.54,34.16,42.01,56.05
14.77,73.4,47.6,49.45,56.47,12.0,18.07,46.76,68.01,49.58,38.44,27.05,26.84,49.56,14.48,24.95,35.52,44.73,14.19,32.52,61.04,22.75,69.97,29.95,63.76,49.21,58.2,29.03,50.8,31.71,14.27,64.87,53.37,41.66,25.97,56.85,33.69,38.1,21.66,49.1,32.5,54.38,12.55,59.43,36.11,52.94,54.7,34.34,42.05,55.89
14.77,72.7,47.57,49.38,56.58,12.01,18.06,47.2,68.09,49.96,38.24,26.86,26.95,49.9,14.51,24.64,35.54,44.78,14.19,32.29,60.97,22.77,70.01,29.99,63.68,48.76,57.77,29.03,50.71,31.73,14.26,65.1,53.19,41.47,25.88,57.21,33.6,37.99,21.66,49.1,32.54,54.2,12.51,58.94,36.34,52.9,54.91,34.14,42.12,55.94
14.73,73.24,47.53,49.18,56.99,12.14,18.04,47.65,68.02,49.6,38.6,26.5,26.91,49.67,14.6,24.66,35.48,44.79,14.22,32.53,61.39,22.78,69.33,29.79,63.64,47.42,57.23,29.03,50.72,31.7,14.25,65.19,53.27,41.51,25.54,56.79,33.53,37.88,21.64,49.11,32.5,54.93,12.51,58.27,36.38,52.82,55.39,34.16,41.61,55.86
14.78,72.87,47.48,49.08,56.82,12.11,18.03,47.57,67.99,49.61,38.54,26.71,26.87,49.51,14.63,24.55,35.42,44.88,14.19,32.9,61.16,22.78,68.66,29.97,63.61,47.27,57.15,28.99,50.7,31.73,14.28,65.23,53.32,41.68,25.53,56.91,33.86,37.69,21.6,49.03,32.33,54.92,12.61,58.4,36.34,52.89,55.04,34.09,40.99,55.66
14.68,72.77,47.45,49.03,56.92,12.18,18.0,46.75,68.12,50.0,38.82,26.92,26.9,49.33,14.7,24.67,35.39,45.09,14.12,33.22,60.89,22.73,69.57,29.57,63.58,47.8,57.0,28.97,50.64,31.68,14.38,64.91,53.44,41.54,25.54,57.01,33.73,37.37,21.6,49.04,32.27,54.45,12.54,58.28,36.29,52.94,54.9,34.1,41.1,55.65
14.65,72.62,47.44,48.99,56.8,12.13,17.96,46.17,68.11,49.56,39.38,26.34,26.92,49.54,14.92,24.77,35.43,45.17,14.14,33.16,60.12,22.8,70.62,29.51,63.59,48.37,57.09,28.94,50.58,31.66,14.33,65.21,53.74,41.33,25.77,56.54,33.91,37.46,21.62,49.03,32.31,54.17,12.57,58.06,36.21,52.86,54.5,34.13,41.16,55.6
14.67,73.38,47.44,48.99,56.61,11.96,17.93,45.79,68.1,49.13,39.1,26.42,26.93,49.59,14.79,24.8,35.41,45.36,14.07,32.88,60.53,22.83,70.34,29.31,63.53,48.82,57.35,28.94,50.59,31.72,14.31,64.98,53.65,41.07,25.73,56.21,33.76,37.74,21.62,49.06,32.31,53.74,12.6,57.76,36.56,52.87,54.84,34.09,41.42,55.43
14.66,74.06,47.38,48.97,56.5,12.04,17.92,45.44,68.08,49.24,39.49,26.2,26.95,49.36,14.64,24.67,35.46,45.34,14.06,32.89,61.17,22.86,69.69,28.97,63.31,48.97,57.58,28.94,50.6,31.84,14.48,64.97,53.68,41.35,25.68,57.09,33.68,37.93,21.61,49.06,32.2,54.27,12.73,58.26,36.67,52.75,55.02,33.98,41.31,55.73
14.55,73.9,47.33,48.86,56.26,12.07,17.89,46.25,68.1,49.09,39.36,26.12,26.93,49.15,14.87,24.59,35.45,45.42,14.08,33.07,61.49,22.82,69.91,28.79,63.26,48.48,57.68,28.94,50.57,31.92,14.54,64.46,53.64,41.07,25.6,58.22,33.56,37.74,21.62,49.06,32.01,54.31,12.64,57.77,36.9,52.91,55.42,33.97,41.07,56.01
14.52,73.09,47.32,48.87,56.44,12.07,17.87,46.41,67.95,48.94,39.42,25.93,26.9,48.4,14.93,24.76,35.47,45.49,14.1,33.12,61.19,22.84,69.89,28.8,63.36,48.12,57.5,28.94,50.62,31.92,14.52,64.56,53.31,40.89,25.61,57.94,33.38,37.68,21.63,49.11,31.94,53.83,12.54,57.71,36.93,52.87,55.16,33.87,41.07,56.46
14.61,72.24,47.28,48.88,56.18,12.18,17.88,46.11,68.05,49.23,39.5,25.7,26.89,48.53,15.1,24.68,35.45,45.46,14.09,33.57,60.87,22.86,70.34,28.61,63.2,48.54,56.6,28.92,50.67,31.94,14.56,65.04,52.93,40.93,25.55,58.68,33.34,37.85,21.61,49.11,31.88,53.42,12.49,57.1,36.94,53.14,54.82,33.93,40.94,56.43
14.69,71.9,47.25,48.9,55.99,12.32,17.89,46.35,68.02,49.65,39.16,26.01,26.9,48.4,15.26,24.81,35.48,45.44,14.09,33.69,60.17,22.7,71.49,28.73,63.16,48.22,57.14,28.92,50.68,31.97,14.76,65.28,52.64,40.81,25.67,58.04,33.51,37.63,21.63,49.08,31.85,54.04,12.41,57.1,37.32,53.08,54.88,33.93,40.48,56.41
14.84,72.04,47.29,48.91,55.74,12.38,17.93,45.99,67.94,50.04,39.41,26.13,26.9,48.36,15.2,24.93,35.51,45.42,14.1,33.55,60.86,22.75,70.04,28.7,63.17,48.23,56.84,28.92,50.69,32.05,14.71,65.78,53.08,40.58,25.44,58.27,33.53,37.67,21.68,49.11,31.82,54.7,12.35,57.88,36.99,53.15,55.16,34.02,40.82,56.09
14.74,71.75,47.33,48.79,55.87,12.48,17.98,46.1,68.04,49.55,39.41,26.02,26.88,48.56,15.12,25.09,35.48,45.43,14.1,33.3,61.86,22.66,70.17,28.57,63.39,48.76,56.7,28.92,50.65,32.08,14.68,65.67,53.31,40.8,25.33,58.71,33.87,37.82,21.65,49.13,31.88,54.3,12.37,57.78,36.69,53.1,55.37,33.95,39.57,55.81
14.75,71.79,47.37,48.76,55.86,12.6,17.97,45.56,68.0,49.84,39.63,25.92,26.91,48.4,15.17,24.89,35.53,45.34,14.15,33.64,61.66,22.67,70.6,28.77,63.24,48.74,56.52,28.92,50.73,32.06,14.63,65.48,53.41,41.05,25.37,59.01,34.19,38.06,21.65,49.15,31.79,54.38,12.24,58.33,36.91,53.13,55.39,34.0,39.32,56.35
14.71,72.2,47.34,48.78,55.95,12.66,17.99,45.41,68.05,49.73,39.63,26.08,26.83,48.12,14.98,25.09,35.48,45.35,14.13,33.85,62.13,22.74,70.67,28.98,63.3,48.63,55.9,28.93,50.7,32.14,14.62,65.91,53.34,41.43,25.45,58.17,34.68,38.02,21.67,49.16,31.69,54.84,12.22,58.61,37.11,53.1,55.38,33.95,39.54,56.73
14.71,72.91,47.31,48.83,56.04,12.72,18.02,45.97,68.08,49.9,40.08,26.17,26.77,48.27,15.02,24.98,35.48,45.43,14.06,33.35,62.49,22.55,71.1,28.98,63.25,48.05,55.83,28.95,50.63,32.2,14.41,65.78,53.73,41.07,25.38,59.32,35.12,38.43,21.69,49.19,31.49,55.27,12.21,58.4,37.16,52.97,55.61,33.88,39.44,56.77
14.75,73.06,47.31,48.88,56.25,12.72,18.04,46.69,68.11,49.3,39.65,26.57,26.75,48.46,15.12,25.08,35.44,45.4,14.08,32.97,61.66,22.54,71.27,28.95,63.28,48.39,55.57,28.96,50.58,32.18,14.39,66.27,54.18,40.63,25.28,59.54,35.38,38.8,21.69,49.24,31.53,55.21,12.23,57.8,37.56,52.93,55.53,33.85,39.24,56.93
14.85,73.03,47.3,48.9,56.38,12.76,18.06,47.6,68.31,49.66,40.19,26.95,26.79,48.58,15.15,25.05,35.46,45.36,14.07,33.22,62.08,22.49,71.58,28.92,63.4,48.51,55.44,28.99,50.63,32.32,14.22,65.97,53.87,40.54,25.43,60.12,35.24,39.43,21.74,49.29,31.51,55.11,12.21,58.05,37.9,53.01,55.4,33.9,39.57,56.84
14.8,73.36,47.28,48.85,56.41,12.68,18.09,47.09,68.49,49.5,40.04,26.87,26.83,48.95,15.11,25.15,35.5,45.27,13.98,32.95,63.62,22.37,71.37,28.76,63.55,47.96,55.66,29.02,50.62,32.28,14.22,66.09,53.75,40.55,25.46,59.48,35.09,39.02,21.76,49.29,31.42,55.47,12.35,57.33,37.54,53.04,55.01,33.89,38.98,56.86
14.73,73.73,47.29,48.77,56.04,12.61,18.02,47.27,68.43,49.71,40.05,26.97,26.88,49.04,15.1,25.12,35.47,45.35,14.0,32.89,64.51,22.36,71.54,28.71,63.49,47.91,55.69,29.0,50.63,32.33,14.21,66.44,54.25,41.17,25.5,59.39,35.47,39.16,21.73,49.26,31.35,56.09,12.39,58.39,37.37,53.06,54.82,33.82,39.02,56.85
14.76,73.97,47.23,48.66,55.96,12.59,18.0,47.7,68.37,49.8,40.39,27.14,26.94,48.42,15.15,25.06,35.5,45.27,14.01,32.96,64.4,22.51,71.42,28.53,63.25,47.95,56.26,29.0,50.77,32.31,14.16,66.37,54.41,40.86,25.55,59.84,35.93,39.1,21.75,49.27,31.47,56.72,12.32,58.77,37.61,52.95,54.89,33.83,39.22,57.22
14.85,74.4,47.26,48.71,55.7,12.59,18.03,47.2,68.3,50.63,40.62,27.26,26.99,48.6,15.05,25.01,35.5,45.23,14.03,32.59,65.02,22.61,70.98,28.51,63.11,48.66,56.15,29.01,50.66,32.32,14.19,66.23,54.66,40.92,25.69,59.48,36.16,38.87,21.78,49.26,31.59,57.0,12.24,58.11,37.68,53.1,55.44,33.99,39.01,57.59
14.84,73.99,47.24,48.69,55.64,12.68,17.99,47.1,68.18,50.84,40.54,26.75,27.01,48.38,15.28,24.96,35.48,45.23,14.0,32.46,64.94,22.62,70.56,28.63,63.17,48.12,55.44,29.01,50.86,32.26,14.21,66.37,54.14,40.25,25.82,59.41,36.6,39.16,21.81,49.29,31.57,58.03,12.27,57.57,37.62,53.08,55.81,34.05,39.41,57.5
14.91,73.5,47.21,48.73,55.91,12.46,18.02,46.76,68.25,50.71,40.64,26.73,27.04,48.41,15.27,25.24,35.46,45.24,14.02,32.3,64.61,22.69,69.26,28.48,62.99,47.87,55.26,29.01,50.86,32.2,14.33,66.27,54.15,40.03,25.89,59.5,36.59,39.36,21.79,49.25,31.53,57.95,12.29,57.58,37.39,53.02,55.75,34.02,39.18,57.59
14.98,73.79,47.2,48.77,55.93,12.53,18.02,46.15,68.26,50.11,40.19,26.9,27.12,48.33,15.11,25.04,35.47,45.28,14.05,32.69,65.3,22.68,68.75,28.32,62.94,48.54,55.34,29.0,50.64,32.1,14.37,66.37,54.22,39.76,25.89,60.22,37.07,38.97,21.77,49.31,31.49,57.67,12.29,57.88,37.11,52.87,55.72,34.09,39.02,57.45
15.01,73.99,47.24,48.75,55.95,12.46,18.09,46.54,68.13,49.97,40.13,26.91,27.09,48.68,15.03,24.97,35.54,45.5,14.03,32.81,64.38,22.73,68.58,27.94,62.98,47.89,55.12,28.99,50.54,32.16,14.5,66.11,53.96,39.96,25.75,60.1,36.76,38.91,21.75,49.32,31.63,58.34,12.2,56.75,37.15,53.03,55.67,34.21,39.31,57.05
15.02,73.83,47.25,48.86,55.59,12.36,18.06,46.54,68.16,49.33,39.5,27.05,26.97,48.23,15.16,25.26,35.53,45.54,14.07,32.9,64.05,22.7,67.47,28.04,62.87,47.62,54.88,28.98,50.61,32.15,14.76,66.15,54.06,40.2,25.71,59.79,36.81,38.44,21.72,49.29,31.59,58.51,12.24,57.4,36.97,53.06,55.63,34.2,39.22,57.45
14.89,73.04,47.28,48.73,55.37,12.4,17.99,46.15,68.25,49.13,39.59,27.11,26.99,48.26,15.32,25.31,35.47,45.49,14.03,32.93,64.72,22.71,66.93,28.17,63.02,48.47,55.53,28.97,50.69,32.09,14.62,66.3,54.16,40.27,25.8,60.54,36.95,38.12,21.72,49.29,31.55,59.66,12.23,56.26,36.94,53.0,56.29,33.94,39.24,57.21
14.78,73.51,47.31,48.71,55.22,12.31,17.97,46.34,68.41,48.44,39.57,27.05,26.96,48.15,15.35,25.12,35.5,45.53,13.98,33.06,64.31,22.65,66.53,28.36,63.04,48.48,54.76,28.96,50.78,32.03,14.51,66.15,53.85,40.18,25.63,61.39,36.97,37.91,21.71,49.27,31.48,60.41,12.28,56.46,36.95,53.09,56.21,34.1,39.29,57.23
14.9,73.8,47.31,48.72,55.3,12.26,18.0,46.18,68.58,47.82,40.11,26.86,26.9,48.49,15.22,25.11,35.43,45.6,13.97,33.3,64.71,22.6,66.71,28.46,63.11,48.25,55.09,28.95,50.82,31.99,14.62,66.28,53.7,40.71,25.68,61.5,36.63,38.14,21.68,49.21,31.52,61.33,12.19,57.06,36.96,53.0,55.99,34.04,39.21,57.07
14.91,74.02,47.26,48.74,55.28,12.3,18.05,46.59,68.59,47.17,39.56,26.55,26.93,48.69,15.24,25.29,35.39,45.43,13.95,32.68,63.64,22.56,66.99,28.36,62.98,48.44,54.86,28.96,50.68,31.95,14.63,66.22,53.92,40.85,25.64,61.07,36.07,38.57,21.7,49.2,31.56,61.12,12.12,57.18,37.46,52.88,56.14,34.04,38.68,57.21
15.01,73.65,47.29,48.71,55.02,12.27,18.02,46.8,68.68,46.56,39.93,26.42,27.0,48.85,15.31,25.1,35.39,45.46,14.0,32.87,64.03,22.45,67.61,28.51,63.19,48.77,55.14,28.96,50.81,31.96,14.66,66.27,53.97,40.95,25.67,61.8,36.0,38.89,21.7,49.25,31.47,61.97,12.15,58.4,37.53,52.87,56.38,34.14,38.72,57.38
15.13,73.55,47.31,48.73,55.24,12.23,18.04,46.12,68.81,47.26,40.08,26.34,26.99,48.87,15.2,25.42,35.41,45.56,13.98,32.87,63.66,22.5,68.27,28.49,63.26,49.01,55.23,28.99,50.89,32.1,14.62,66.03,54.23,40.79,25.63,62.31,36.39,38.86,21.74,49.29,31.46,62.39,12.24,57.98,37.87,52.81,56.06,34.21,39.31,57.55
15.24,73.32,47.38,48.7,55.55,12.14,18.09,46.69,68.81,47.4,39.7,26.36,26.85,48.36,15.01,25.22,35.44,45.59,13.98,32.69,63.33,22.57,67.86,28.33,63.41,49.82,55.38,29.01,51.03,32.13,14.6,66.29,54.39,40.13,25.76,62.71,36.13,39.26,21.76,49.34,31.48,62.53,12.14,58.0,37.95,52.86,56.16,34.08,39.57,57.21
15.11,72.64,47.4,48.69,55.5,12.14,18.13,46.97,68.82,46.79,39.18,26.51,26.77,48.62,14.88,25.36,35.37,45.56,13.99,32.33,63.44,22.44,68.23,28.38,63.42,49.65,55.07,29.02,51.01,32.28,14.49,66.33,55.07,40.45,25.8,63.34,36.2,38.93,21.77,49.3,31.52,62.41,12.16,58.87,37.98,52.77,55.68,34.09,39.8,56.79
15.19,72.47,47.37,48.67,55.72,12.1,18.12,46.59,68.77,46.39,38.69,26.61,26.74,49.37,14.92,25.52,35.39,45.54,13.99,31.88,63.36,22.44,68.34,28.62,63.51,49.37,55.62,29.02,51.04,32.25,14.46,66.89,54.65,40.39,25.73,63.14,35.95,38.75,21.78,49.31,31.51,62.59,12.19,57.5,37.53,52.83,55.95,34.11,39.87,56.89
15.12,73.17,47.34,48.73,55.91,11.99,18.11,47.27,68.87,46.2,38.72,26.74,26.71,48.72,14.78,25.48,35.39,45.43,13.97,31.95,63.57,22.32,68.75,28.66,63.33,49.35,55.22,29.02,50.99,32.45,14.47,67.02,55.26,40.43,25.63,64.16,35.74,38.92,21.77,49.36,31.6,62.64,12.07,57.85,37.43,52.88,56.08,34.02,40.35,57.01
14.99,72.39,47.3,48.69,55.93,12.05,18.07,47.06,68.86,46.36,38.38,26.86,26.72,48.92,14.84,25.6,35.39,45.32,13.98,31.96,63.46,22.31,68.26,28.8,63.35,48.66,54.38,29.03,51.02,32.53,14.26,67.22,55.19,40.14,25.55,63.52,35.65,38.73,21.79,49.36,31.49,63.37,12.1,57.87,37.83,52.95,55.51,34.1,40.74,56.76
14.86,72.93,47.27,48.66,56.29,12.04,18.02,47.21,68.73,46.84,38.59,26.45,26.71,48.88,14.54,25.99,35.33,45.33,13.95,32.22,63.33,22.31,68.6,28.86,63.33,47.92,53.69,29.01,50.91,32.44,14.45,67.52,55.05,39.9,25.5,63.05,35.79,38.72,21.76,49.33,31.62,62.8,12.1,57.61,38.13,52.83,54.86,33.99,41.04,56.31
14.86,72.45,47.21,48.58,56.57,12.1,17.95,47.07,68.66,47.17,39.63,25.98,26.65,49.33,14.6,25.94,35.27,45.21,13.96,32.59,63.0,22.17,69.35,28.92,63.27,47.88,54.92,28.99,50.91,32.55,14.51,67.91,55.09,39.99,25.66,63.83,35.49,39.4,21.74,49.3,31.66,62.28,12.09,58.17,38.05,52.69,54.48,33.81,40.93,56.37
14.91,72.57,47.21,48.72,56.42,12.11,17.99,47.2,68.59,47.49,38.87,26.05,26.68,49.27,14.6,25.77,35.26,45.13,13.96,32.06,63.6,22.11,69.17,29.03,63.3,47.74,54.76,28.99,50.88,32.59,14.54,68.37,55.51,39.98,25.43,64.35,35.19,39.82,21.75,49.29,31.68,62.51,12.08,58.2,38.08,52.8,54.35,33.88,41.25,56.51
14.86,73.24,47.18,48.75,56.4,12.15,18.06,47.71,68.58,46.8,39.09,25.82,26.68,49.48,14.83,25.81,35.23,45.18,14.02,32.34,63.75,21.99,68.12,29.04,63.31,48.02,55.53,29.0,50.91,32.55,14.69,68.86,55.61,40.27,25.43,65.04,35.27,40.13,21.76,49.31,31.69,62.36,12.23,58.36,38.02,52.85,54.4,33.72,41.39,56.2
14.84,73.35,47.21,48.68,56.08,12.13,18.07,47.46,68.53,46.31,39.45,25.74,26.69,49.79,14.99,25.91,35.23,45.09,14.04,32.4,64.42,21.89,68.49,28.94,63.03,48.04,55.58,29.01,50.75,32.48,14.71,68.99,55.63,40.48,25.45,64.29,34.73,40.36,21.77,49.39,31.71,62.45,12.21,58.03,38.29,52.81,54.81,33.91,41.77,56.46
14.86,72.24,47.24,48.71,56.8,12.24,18.08,47.17,68.62,46.77,38.86,26.19,26.7,49.26,14.87,25.71,35.27,45.02,14.01,32.33,65.04,21.93,68.37,28.77,63.01,48.4,55.8,29.0,50.93,32.6,14.73,69.09,55.47,40.23,25.38,64.91,34.17,40.07,21.78,49.35,31.76,62.92,12.27,58.41,38.09,52.88,54.86,33.91,41.69,55.9
14.89,72.36,47.21,48.46,56.6,12.1,18.13,47.01,68.56,47.88,39.12,26.0,26.64,49.38,14.97,25.7,35.25,45.01,14.03,32.34,63.88,22.05,67.99,28.91,62.86,48.0,55.13,29.0,51.03,32.48,14.66,69.72,55.31,40.1,25.38,65.08,33.68,40.33,21.78,49.33,31.85,62.29,12.21,59.23,38.02,52.75,54.91,33.77,41.94,55.59
15.01,72.14,47.2,48.53,56.74,12.11,18.13,47.04,68.46,47.65,38.33,25.94,26.6,49.0,15.07,25.73,35.22,45.06,14.03,32.32,64.67,21.95,67.85,28.64,62.67,47.24,55.87,28.98,51.07,32.32,14.57,69.78,55.69,40.13,25.48,65.01,33.85,40.49,21.77,49.3,31.75,61.83,12.19,59.38,38.26,52.62,55.46,33.65,41.66,55.3
15.07,72.07,47.15,48.38,56.5,12.16,18.14,47.46,68.43,47.35,38.03,26.27,26.58,48.74,14.74,25.77,35.16,44.99,14.04,32.67,64.41,21.94,67.89,28.55,62.53,47.66,56.04,28.96,51.21,32.2,14.6,69.11,56.26,39.9,25.28,65.16,34.79,40.97,21.77,49.28,31.73,61.27,12.13,60.19,37.96,52.55,54.69,33.74,41.77,54.54
15.04,72.33,47.12,48.37,56.38,12.14,18.16,46.8,68.51,46.73,38.55,26.6,26.58,49.09,14.84,25.74,35.17,44.95,14.04,32.77,64.2,21.96,67.8,28.41,62.38,46.3,55.82,28.97,51.24,32.17,14.68,69.04,56.32,39.71,25.27,65.01,35.09,41.18,21.78,49.31,31.78,60.98,12.05,60.33,38.06,52.79,54.79,33.78,41.42,54.69
15.22,71.61,47.08,48.38,56.37,12.16,18.17,46.68,68.5,47.15,38.86,26.22,26.53,49.73,14.93,25.37,35.1,44.84,13.99,33.33,64.53,22.02,66.85,28.29,62.5,46.8,55.51,28.95,51.13,32.31,14.75,68.69,56.24,39.89,25.16,65.79,35.03,41.45,21.76,49.27,31.83,60.51,12.01,60.35,37.93,52.59,55.08,33.76,41.17,54.31
15.08,71.35,46.99,48.31,56.24,12.33,18.19,46.64,68.36,46.99,39.19,25.59,26.47,49.96,15.02,25.48,35.09,44.97,13.99,33.05,64.85,21.99,66.71,28.22,62.39,46.46,55.72,28.94,51.16,32.38,14.83,69.14,56.25,39.67,25.11,66.1,34.99,41.24,21.75,49.26,31.8,61.15,11.99,59.51,37.79,52.6,54.73,33.73,42.04,54.51
15.07,71.61,46.98,48.16,56.17,12.25,18.23,47.51,68.34,46.39,38.83,25.27,26.47,50.24,15.0,25.38,35.03,45.06,13.98,33.03,64.28,21.94,66.98,28.3,62.35,46.09,55.57,28.93,51.09,32.32,14.89,69.19,56.15,39.67,25.01,66.23,35.06,40.35,21.74,49.23,31.84,62.46,11.94,58.56,37.68,52.43,54.1,33.66,41.55,54.82
15.22,71.65,47.01,48.19,56.17,12.19,18.22,46.92,68.23,47.13,38.67,25.14,26.39,49.96,15.07,25.46,35.04,45.0,13.97,33.46,63.0,21.82,66.87,28.46,62.37,46.52,54.8,28.91,50.99,32.3,14.89,68.99,56.24,39.91,24.92,66.78,35.29,40.49,21.72,49.19,31.67,62.74,12.08,59.18,37.13,52.31,53.38,33.81,41.21,54.61
15.22,71.64,47.01,48.2,56.11,12.19,18.22,47.17,68.19,47.37,38.33,25.26,26.41,50.02,15.08,25.58,35.06,44.94,13.93,33.87,62.75,21.71,66.71,28.61,62.12,47.14,55.44,28.9,51.04,32.37,14.89,68.7,56.35,39.65,24.99,67.09,35.56,40.86,21.71,49.22,31.7,62.46,12.0,59.68,36.98,52.3,53.26,33.74,41.77,54.81
15.21,71.46,47.0,48.16,56.32,12.18,18.18,47.62,68.14,47.7,38.34,25.23,26.42,50.12,15.2,25.59,35.07,44.97,14.01,34.06,63.03,21.87,65.9,28.78,62.16,47.29,55.2,28.92,51.05,32.42,14.81,68.51,55.69,39.92,24.89,67.62,36.03,40.44,21.74,49.26,31.77,62.8,12.16,59.96,36.84,52.3,52.73,33.66,42.06,54.91
15.3,71.08,46.98,48.08,56.07,12.1,18.11,47.68,67.99,47.34,38.37,25.34,26.56,49.84,15.12,25.37,35.07,45.0,13.96,34.33,63.2,21.86,65.11,28.89,62.3,47.7,54.91,28.91,51.07,32.3,14.71,68.57,55.85,39.96,24.87,67.77,36.22,40.03,21.72,49.25,31.67,63.14,12.23,59.36,36.95,52.44,53.07,33.51,41.71,55.09
15.53,71.51,46.97,48.11,55.96,12.02,18.05,48.13,67.97,47.03,37.97,25.44,26.52,50.26,15.28,25.56,35.09,45.15,13.97,34.46,62.87,21.87,64.46,28.87,62.33,47.99,55.11,28.89,51.31,32.41,14.73,68.4,56.45,40.02,24.91,66.78,35.69,39.78,21.69,49.27,31.63,63.02,12.31,59.54,37.08,52.33,53.07,33.5,41.62,55.66
15.56,71.46,46.95,48.1,55.79,11.96,18.05,48.17,67.98,46.97,37.83,25.38,26.5,49.92,15.24,25.62,35.1,44.99,14.02,34.91,63.66,21.93,64.62,28.78,62.52,48.55,55.48,28.89,51.31,32.42,14.66,68.16,56.14,40.17,24.9,67.53,35.57,39.59,21.69,49.26,31.54,63.39,12.28,59.72,37.02,52.21,53.3,33.44,42.35,55.79
15.41,71.59,47.0,48.17,55.92,11.99,18.05,48.16,68.04,47.6,37.54,25.57,26.59,49.84,15.35,25.71,35.13,45.0,14.0,34.88,63.05,21.99,64.15,28.93,62.42,49.77,55.26,28.9,51.38,32.46,14.71,68.32,56.22,39.94,25.07,67.3,35.65,39.46,21.7,49.23,31.66,62.99,12.33,59.58,37.01,52.32,53.61,33.37,42.8,55.58
15.36,71.79,46.99,48.12,55.89,11.94,18.09,48.51,68.26,47.99,37.48,25.65,26.71,50.09,15.32,25.86,35.14,45.1,14.01,34.87,62.21,21.91,64.2,29.16,62.28,49.65,55.55,28.91,51.54,32.61,14.61,68.44,56.04,39.87,25.04,67.66,34.79,39.52,21.73,49.25,31.58,63.37,12.32,59.09,36.68,52.34,52.79,33.35,42.6,55.78
15.33,71.83,46.98,48.08,55.82,11.89,18.07,48.67,68.16,48.24,37.31,25.11,26.73,50.05,15.23,25.93,35.12,45.05,14.03,34.43,62.37,21.97,63.29,29.34,62.16,50.28,55.75,28.92,51.39,32.5,14.51,68.29,56.08,39.73,24.94,67.48,34.95,39.51,21.71,49.22,31.56,63.36,12.23,58.55,36.98,52.57,52.4,33.26,42.46,56.05
15.43,71.71,46.96,48.09,55.52,11.94,18.06,48.85,68.19,47.85,37.31,24.56,26.78,50.13,15.23,25.71,35.12,44.96,14.05,34.66,62.65,22.01,63.85,29.06,61.96,50.92,56.09,28.93,51.38,32.34,14.59,68.4,56.19,39.59,24.89,67.74,35.08,39.44,21.67,49.17,31.59,63.78,12.27,59.15,36.69,52.37,52.51,33.26,42.44,56.0
15.4,71.54,46.99,48.11,55.57,11.96,18.1,48.58,68.22,48.06,37.35,24.51,26.73,50.29,15.33,25.46,35.13,44.94,14.03,34.8,62.52,21.96,63.71,29.2,61.99,51.71,55.77,28.92,51.25,32.29,14.31,68.57,55.8,39.39,24.91,68.29,35.23,38.91,21.68,49.17,31.59,64.02,12.24,59.59,36.91,52.29,52.66,33.24,41.92,56.54
15.24,71.36,46.98,48.0,55.59,11.98,18.07,48.01,68.19,48.03,37.59,24.47,26.73,50.59,15.46,25.53,35.13,44.86,14.06,34.33,63.36,21.9,63.4,29.32,61.94,52.39,55.88,28.91,51.44,32.3,14.22,68.43,55.91,38.93,24.86,67.72,35.06,38.86,21.65,49.21,31.58,64.7,12.35,59.13,36.69,52.22,52.78,33.23,41.88,56.35
15.21,71.09,46.99,48.09,55.68,12.01,18.04,48.1,68.15,47.58,37.5,24.3,26.67,50.46,15.29,25.5,35.08,44.9,14.04,34.69,63.14,21.92,64.16,29.27,62.03,52.52,55.81,28.89,51.43,32.38,14.01,67.84,55.47,38.9,24.76,68.88,35.18,38.49,21.63,49.17,31.44,63.9,12.38,59.19,37.02,52.28,52.92,33.49,42.6,56.04
15.13,70.88,46.96,48.06,55.82,12.04,18.04,48.3,68.08,48.83,37.89,24.04,26.57,50.86,15.29,25.66,35.07,44.83,14.1,34.07,62.65,22.0,63.39,29.32,62.11,52.34,56.66,28.88,51.22,32.29,13.91,67.29,55.85,38.59,24.72,69.74,35.36,38.54,21.62,49.17,31.52,63.74,12.35,59.41,37.07,52.16,53.24,33.48,42.73,55.73
15.29,70.1,46.93,47.97,55.56,11.98,18.03,47.66,68.01,48.34,38.01,24.09,26.58,50.44,15.27,25.72,35.12,44.87,14.02,33.8,62.71,22.0,64.09,29.28,62.18,53.26,56.98,28.86,51.17,32.2,13.78,67.39,55.68,38.79,24.68,69.98,35.9,38.99,21.62,49.12,31.39,64.33,12.41,58.82,37.06,52.2,53.48,33.4,43.18,55.41
15.27,69.56,46.91,47.91,55.76,12.11,18.05,47.58,67.91,48.33,38.46,24.11,26.6,50.92,15.09,25.52,35.14,44.81,14.03,33.34,63.33,21.99,64.28,29.02,62.3,52.99,57.45,28.87,51.21,32.26,13.7,66.99,55.37,38.75,24.66,70.75,36.73,39.68,21.64,49.2,31.45,64.17,12.25,58.27,37.13,52.24,53.32,33.43,43.12,55.41
15.27,69.33,46.92,47.94,55.69,12.18,18.12,47.55,67.83,48.64,37.88,24.64,26.6,51.14,14.92,25.34,35.16,44.91,13.97,33.58,62.55,21.9,63.52,29.01,62.24,52.86,57.99,28.87,51.32,32.09,13.63,66.91,55.16,38.82,24.68,71.04,36.83,39.63,21.64,49.2,31.42,64.44,12.31,58.72,37.4,52.26,53.55,33.43,43.74,55.7
15.35,68.53,46.88,47.9,55.6,12.24,18.12,47.33,67.76,48.36,37.56,24.13,26.61,51.06,14.93,25.72,35.2,44.87,13.92,33.19,62.98,21.89,64.45,28.62,62.17,53.58,59.54,28.89,51.25,32.1,13.72,67.1,55.37,39.06,24.6,72.08,36.92,39.6,21.63,49.2,31.44,64.58,12.26,59.83,37.85,52.3,53.56,33.23,43.41,55.72
15.23,68.52,46.95,47.82,56.12,12.29,18.12,47.12,67.65,48.34,36.77,24.18,26.72,50.63,14.98,25.72,35.19,44.86,13.9,32.83,63.11,21.72,63.83,28.66,62.27,52.26,59.33,28.91,51.4,32.09,13.66,67.11,55.67,39.34,24.69,72.39,37.01,39.33,21.66,49.21,31.47,65.98,12.32,59.07,37.97,52.25,53.58,33.3,43.43,54.87
15.02,68.1,46.96,47.74,56.34,12.26,18.12,47.43,67.6,49.42,36.9,24.45,26.66,50.66,14.87,25.86,35.18,44.76,13.86,32.66,63.17,21.64,63.38,28.7,62.31,52.15,59.25,28.88,51.56,32.05,13.59,67.08,55.39,39.39,24.77,71.88,37.13,39.09,21.62,49.17,31.46,65.93,12.3,59.82,37.72,52.21,53.73,33.2,42.64,54.49
14.78,68.05,46.92,47.71,56.22,12.34,18.18,47.47,67.52,48.79,37.3,24.52,26.7,50.56,14.75,25.88,35.15,44.69,13.86,32.54,63.7,21.81,62.65,28.43,62.23,51.64,59.74,28.87,51.39,32.05,13.46,66.93,55.71,39.03,24.72,72.77,36.76,38.9,21.62,49.17,31.45,66.32,12.2,58.77,37.67,52.24,53.65,33.04,42.82,54.58
14.76,67.97,46.89,47.64,55.97,12.25,18.2,47.24,67.39,49.24,36.45,24.41,26.76,50.12,14.68,26.02,35.08,44.73,13.81,32.42,63.52,21.87,63.14,28.55,62.22,52.82,60.24,28.84,51.11,32.09,13.48,66.74,55.62,39.07,24.68,74.14,36.78,38.71,21.57,49.15,31.24,66.71,12.15,59.69,37.61,52.24,53.51,33.02,42.83,54.36
14.92,68.47,46.88,47.49,55.95,12.21,18.2,47.18,67.49,49.15,35.47,24.7,26.79,50.18,14.43,26.01,35.03,44.63,13.84,32.52,64.36,21.9,63.41,28.63,62.45,53.22,60.85,28.85,51.09,31.98,13.47,67.4,55.46,39.21,24.68,75.53,36.5,38.99,21.57,49.2,31.19,67.18,12.11,59.34,37.31,52.32,53.19,32.94,42.85,54.29
14.88,67.65,46.94,47.52,55.85,12.18,18.23,46.79,67.46,49.59,35.15,24.84,26.75,49.92,14.45,26.12,35.03,44.66,13.91,32.53,64.05,21.89,65.17,28.56,62.59,53.25,60.98,28.87,51.08,31.94,13.42,67.63,55.5,39.55,24.84,75.88,36.59,39.47,21.6,49.25,31.14,66.73,12.21,57.86,36.9,52.2,52.95,32.8,42.87,53.87
14.85,67.88,46.93,47.51,56.05,12.18,18.19,46.44,67.56,49.05,35.5,25.08,26.75,49.79,14.43,26.12,35.01,44.53,13.9,32.17,64.69,21.88,64.87,28.45,62.54,53.14,61.08,28.88,50.95,32.0,13.43,67.43,55.96,39.71,24.63,75.54,36.32,39.57,21.63,49.29,31.0,67.05,12.27,58.95,36.83,52.09,53.74,32.93,43.1,53.85
14.72,67.51,46.86,47.73,55.57,12.25,18.24,46.82,67.69,48.94,35.51,25.11,26.82,49.76,14.52,26.14,34.99,44.56,13.93,32.59,65.24,21.89,64.42,28.3,62.39,53.47,61.14,28.87,51.01,31.91,13.39,67.41,55.9,39.76,24.54,74.54,36.77,39.39,21.63,49.24,31.07,66.66,12.23,59.49,36.57,52.18,53.92,32.97,42.65,53.88
14.85,67.39,46.9,47.84,55.8,12.14,18.27,46.93,67.6,49.49,35.34,24.88,26.71,49.08,14.45,25.86,34.98,44.7,13.87,33.0,65.54,21.87,63.87,28.12,62.3,52.3,61.3,28.87,50.96,31.91,13.38,67.24,55.62,39.58,24.57,75.09,36.7,38.93,21.62,49.26,31.01,67.21,12.29,59.33,36.31,52.34,53.16,32.94,42.56,53.75
14.75,67.59,46.92,47.77,56.02,11.99,18.18,46.56,67.63,49.36,35.07,24.85,26.64,49.5,14.54,25.89,34.95,44.6,13.86,33.32,65.14,21.83,62.59,28.18,62.01,52.97,61.13,28.84,50.78,31.8,13.17,67.49,55.65,39.88,24.64,75.88,36.49,38.44,21.56,49.2,31.12,66.88,12.17,58.76,36.28,52.43,53.02,33.02,42.87,53.75
14.91,67.65,46.89,47.83,56.19,11.95,18.19,46.77,67.59,49.09,35.23,25.08,26.66,49.52,14.56,25.78,34.95,44.52,13.83,33.22,65.16,21.73,62.6,28.09,61.9,54.02,61.25,28.8,50.7,31.81,13.15,67.9,55.82,39.85,24.59,76.1,36.36,38.72,21.52,49.15,31.2,67.3,12.22,58.22,36.27,52.64,53.69,33.09,43.52,53.99
14.9,67.81,46.86,47.83,56.35,11.94,18.18,46.63,67.58,49.03,34.87,25.05,26.64,49.82,14.48,25.92,34.97,44.29,13.87,33.19,66.15,21.83,62.19,28.18,62.21,54.15,60.82,28.82,50.88,31.84,13.18,68.28,55.87,39.69,24.48,77.36,36.22,39.19,21.56,49.2,31.26,67.6,12.31,58.25,36.46,52.72,53.46,33.1,43.17,53.9
14.86,67.58,46.89,47.79,56.69,11.85,18.18,46.51,67.7,49.44,35.04,24.86,26.67,49.94,14.74,26.02,34.99,44.31,13.89,33.27,66.52,21.9,61.48,28.17,62.27,54.68,61.15,28.84,51.09,31.84,13.2,68.16,56.08,39.83,24.47,77.4,36.35,39.08,21.58,49.23,31.41,67.92,12.24,58.06,36.44,52.61,53.84,33.06,43.32,54.21
14.83,67.6,46.83,47.71,56.85,11.87,18.2,46.51,67.87,49.05,35.03,24.72,26.63,50.43,14.71,26.26,34.96,44.42,13.9,33.68,66.42,21.9,61.66,28.18,62.31,54.43,61.99,28.84,51.07,31.77,13.2,68.38,55.7,39.63,24.53,78.14,36.12,39.19,21.57,49.24,31.39,67.38,12.21,58.2,36.02,52.54,53.47,33.23,42.72,54.41
